# file opened: driver_low.asm
   1  0000              ;
   2  0000              ; driver.ASM - UNAPI compliant MSX USB driver
   3  0000              ; Copyright (c) 2020 Mario Smit (S0urceror)
   4  0000              ; Based on work of Néstor Soriano (Konamiman)
   5  0000              ;
   6  0000              ; This program is free software: you can redistribute it and/or modify
   7  0000              ; it under the terms of the GNU General Public License as published by
   8  0000              ; the Free Software Foundation, version 3.
   9  0000              ;
  10  0000              ; This program is distributed in the hope that it will be useful, but
  11  0000              ; WITHOUT ANY WARRANTY; without even the implied warranty of
  12  0000              ; MERCHANTABILITY or FITNESS FOR A PARTICULAR PURPOSE. See the GNU
  13  0000              ; General Public License for more details.
  14  0000              ;
  15  0000              ; You should have received a copy of the GNU General Public License
  16  0000              ; along with this program. If not, see <http://www.gnu.org/licenses/>.
  17  0000              ;
  18  0000
  19  0000              	org	4000h
  20  4000 00 00 00...  	ds	4100h-$,0		; DRV_START must be at 4100h
  21  4100
  22  4100              DRV_START:
  23  4100
  24  4100              ;-----------------------------------------------------------------------------
  25  4100              ;
  26  4100              ; Miscellaneous constants
  27  4100              ;
  28  4100
  29  4100              ;This is a 2 byte buffer to store the address of code to be executed.
  30  4100              ;It is used by some of the kernel page 0 routines.
  31  4100              CODE_ADD:	equ	0F1D0h
  32  4100
  33  4100
  34  4100              ;-----------------------------------------------------------------------------
  35  4100              ;
  36  4100              ; Driver configuration constants
  37  4100              ;
  38  4100
  39  4100              ;Driver version
  40  4100              VER_MAIN	equ	0
  41  4100              VER_SEC		equ	6
  42  4100              VER_REV		equ	0
  43  4100
  44  4100              ;-----------------------------------------------------------------------------
  45  4100              ;
  46  4100              ; Error codes for DEV_RW
  47  4100              ;
  48  4100              _NCOMP	equ	0FFh
  49  4100              _WRERR	equ	0FEh
  50  4100              _DISK	equ	0FDh
  51  4100              _NRDY	equ	0FCh
  52  4100              _DATA	equ	0FAh
  53  4100              _RNF	equ	0F9h
  54  4100              _WPROT	equ	0F8h
  55  4100              _UFORM	equ	0F7h
  56  4100              _SEEK	equ	0F3h
  57  4100              _IFORM	equ	0F0h
  58  4100              _IDEVL	equ	0B5h
  59  4100              _IPARM	equ	08Bh
  60  4100
  61  4100              ;-----------------------------------------------------------------------------
  62  4100              ;
  63  4100              ; Routines and information available on kernel page 0
  64  4100              ;
  65  4100
  66  4100              ;* Get in A the current slot for page 1. Corrupts F.
  67  4100              ;  Must be called by using CALBNK to bank 0:
  68  4100              ;    xor a
  69  4100              ;    ld ix,GSLOT1
  70  4100              ;    call CALBNK
  71  4100              GSLOT1	equ	402Dh
  72  4100
  73  4100
  74  4100              ;* This routine reads a byte from another bank.
  75  4100              ;  Must be called by using CALBNK to the desired bank,
  76  4100              ;  passing the address to be read in HL:
  77  4100              ;    ld a,<bank number>
  78  4100              ;    ld hl,<byte address>
  79  4100              ;    ld ix,RDBANK
  80  4100              ;    call CALBNK
  81  4100              RDBANK	equ	403Ch
  82  4100
  83  4100
  84  4100              ;* This routine temporarily switches kernel main bank
  85  4100              ;  (usually bank 0, but will be 3 when running in MSX-DOS 1 mode),
  86  4100              ;  then invokes the routine whose address is at (CODE_ADD).
  87  4100              ;  It is necessary to use this routine to invoke CALBAS
  88  4100              ;  (so that kernel bank is correct in case of BASIC error)
  89  4100              ;  and to invoke DOS functions via F37Dh hook.
  90  4100              ;
  91  4100              ;  Input:  Address of code to invoke in (CODE_ADD).
  92  4100              ;          AF, BC, DE, HL, IX, IY passed to the called routine.
  93  4100              ;  Output: AF, BC, DE, HL, IX, IY returned from the called routine.
  94  4100              CALLB0	equ	403Fh
  95  4100
  96  4100
  97  4100              ;* Call a routine in another bank.
  98  4100              ;  Must be used if the driver spawns across more than one bank.
  99  4100              ;
 100  4100              ;  Input:  A = bank number
 101  4100              ;          IX = routine address
 102  4100              ;          AF' = AF for the routine
 103  4100              ;          HL' = Ix for the routine
 104  4100              ;          BC, DE, HL, IY = input for the routine
 105  4100              ;  Output: AF, BC, DE, HL, IX, IY returned from the called routine.
 106  4100              CALBNK	equ	4042h
 107  4100
 108  4100              ;* Get in IX the address of the SLTWRK entry for the slot passed in A,
 109  4100              ;  which will in turn contain a pointer to the allocated page 3
 110  4100              ;  work area for that slot (0 if no work area was allocated).
 111  4100              ;  If A=0, then it uses the slot currently switched in page 1.
 112  4100              ;  Returns A=current slot for page 1, if A=0 was passed.
 113  4100              ;  Corrupts F.
 114  4100              ;  Must be called by using CALBNK to bank 0:
 115  4100              ;    ld a,<slot number> (xor a for current page 1 slot)
 116  4100              ;    ex af,af'
 117  4100              ;    xor a
 118  4100              ;    ld ix,GWORK
 119  4100              ;    call CALBNK
 120  4100              GWORK	equ	4045h
 121  4100
 122  4100
 123  4100              ;* This address contains one byte that tells how many banks
 124  4100              ;  form the Nextor kernel (or alternatively, the first bank
 125  4100              ;  number of the driver).
 126  4100              K_SIZE	equ	40FEh
 127  4100
 128  4100
 129  4100              ;* This address contains one byte with the current bank number.
 130  4100              CUR_BANK	equ	40FFh
 131  4100
 132  4100              ;-----------------------------------------------------------------------------
 133  4100              ;
 134  4100              ; Built-in format choice strings
 135  4100              ;
 136  4100              NULL_MSG  equ     781Fh	;Null string (disk can't be formatted)
 137  4100              SING_DBL  equ     7820h ;"1-Single side / 2-Double side"
 138  4100
 139  4100
 140  4100              ;-----------------------------------------------------------------------------
 141  4100              ;
 142  4100              ; Driver signature
 143  4100              ;
 144  4100 4E 45 58 54  	db	"NEXTOR_DRIVER",0
 144  4104 4F 52 5F 44
 144  4108 52 49 56 45
 144  410C 52 00
 145  410E
 146  410E
 147  410E              ;-----------------------------------------------------------------------------
 148  410E              ;
 149  410E              ; Driver flags:
 150  410E              ;    bit 0: 0 for drive-based, 1 for device-based
 151  410E              ;    bit 2: 1 if the driver implements the DRV_CONFIG routine
 152  410E              ;             (used by Nextor from v2.0.5)
 153  410E
 154  410E 05           	db	00000101b
 155  410F
 156  410F              ;-----------------------------------------------------------------------------
 157  410F              ;
 158  410F              ; Reserved byte
 159  410F              ;
 160  410F 00           	db	0
 161  4110
 162  4110
 163  4110              ;-----------------------------------------------------------------------------
 164  4110              ;
 165  4110              ; Driver name
 166  4110              ;
 167  4110              DRV_NAME:
 168  4110 4D 53 58 55  	db	"MSXUSB Driver"
 168  4114 53 42 20 44
 168  4118 72 69 76 65
 168  411C 72
 169  411D 20 20 20...  	ds	32-($-DRV_NAME)," "
 170  4130
 171  4130
 172  4130              ;-----------------------------------------------------------------------------
 173  4130              ;
 174  4130              ; Jump table for the driver public routines
 175  4130              ;
 176  4130
 177  4130              	; These routines are mandatory for all drivers
 178  4130                      ; (but probably you need to implement only DRV_INIT)
 179  4130 C3 6C 41     	jp	DRV_TIMI
 180  4133 C3 B8 42     	jp	DRV_VERSION
 181  4136 C3 6D 41     	jp	DRV_INIT
 182  4139 C3 BF 42     	jp	DRV_BASSTAT
 183  413C C3 C1 42     	jp	DRV_BASDEV
 184  413F C3 B8 4F         jp  DO_EXTBIO 	;DRV_EXTBIO
 185  4142 C3 0A 50         jp  UNAPI_ENTRY ;DRV_DIRECT0
 186  4145 C3 C4 42         jp  DRV_DIRECT1
 187  4148 C3 C4 42         jp  DRV_DIRECT2
 188  414B C3 C4 42         jp  DRV_DIRECT3
 189  414E C3 C4 42         jp  DRV_DIRECT4
 190  4151 C3 9B 42     	jp	DRV_CONFIG
 191  4154 00 00 00...  	ds	12
 192  4160
 193  4160              	; These routines are mandatory for device-based drivers
 194  4160 C3 D4 42     	jp	DEV_RW
 195  4163 C3 1D 43     	jp	DEV_INFO
 196  4166 C3 89 43     	jp	DEV_STATUS
 197  4169 C3 C3 43     	jp	LUN_INFO
 198  416C
 199  416C              ;=====
 200  416C              ;=====  END of data that must be at fixed addresses
 201  416C              ;=====
 202  416C
 203  416C              ;-----------------------------------------------------------------------------
 204  416C              ;
 205  416C              ; Timer interrupt routine, it will be called on each timer interrupt
 206  416C              ; (at 50 or 60Hz), but only if DRV_INIT returns Cy=1 on its first execution.
 207  416C
 208  416C              DRV_TIMI:
 209  416C C9           	ret
 210  416D
 211  416D              ;-----------------------------------------------------------------------------
 212  416D              ;
 213  416D              ; Driver initialization routine, it is called twice:
 214  416D              ;
 215  416D              ; 1) First execution, for information gathering.
 216  416D              ;    Input:
 217  416D              ;      A = 0
 218  416D              ;      B = number of available drives
 219  416D              ;      HL = maximum size of allocatable work area in page 3
 220  416D              ;      C: bit 5 set if user is requesting reduced drive count
 221  416D              ;         (by pressing the 5 key)
 222  416D              ;    Output:
 223  416D              ;      A = number of required drives (for drive-based driver only)
 224  416D              ;      HL = size of required work area in page 3
 225  416D              ;      Cy = 1 if DRV_TIMI must be hooked to the timer interrupt, 0 otherwise
 226  416D              ;
 227  416D              ; 2) Second execution, for work area and hardware initialization.
 228  416D              ;    Input:
 229  416D              ;      A = 1
 230  416D              ;      B = number of allocated drives for this controller
 231  416D              ;      C: bit 5 set if user is requesting reduced drive count
 232  416D              ;         (by pressing the 5 key)
 233  416D              ;
 234  416D              ;    The work area address can be obtained by using GWORK.
 235  416D              ;
 236  416D              ;    If first execution requests more work area than available,
 237  416D              ;    second execution will not be done and DRV_TIMI will not be hooked
 238  416D              ;    to the timer interrupt.
 239  416D              ;
 240  416D              ;    If first execution requests more drives than available,
 241  416D              ;    as many drives as possible will be allocated, and the initialization
 242  416D              ;    procedure will continue the normal way
 243  416D              ;    (for drive-based drivers only. Device-based drivers always
 244  416D              ;     get two allocated drives.)
 245  416D
 246  416D              DRV_INIT:
 247  416D 21 EE 01     	ld	hl,WRKAREA	; size of work area
 248  4170 B7           	or	a			; Clear Cy, no interrupts needed
 249  4171 C8           	ret	z			; first call
 250  4172
 251  4172              	; second call
 252  4172 CD 6B 42     	call	MY_GWORK
 253  4175 CD 8A 42     	call	INIWORK		; Initialize the work-area
 254  4178
 255  4178              	IFDEF __MISTERSPI
 256  4178 ~            	; DEBUG
 257  4178 ~            	ld a, 1
 258  4178 ~            	out 2fh, a
 259  4178 ~            	; DEBUG
 260  4178              	ENDIF
 261  4178
 262  4178              	; initialize CH376s
 263  4178              	; ============================================
 264  4178              	; print welcome message
 265  4178 21 41 45         ld hl, TXT_START
 266  417B CD 13 47         call PRINT
 267  417E
 268  417E              	; enable the low-level MSXUSB driver
 269  417E              	;;;;;;;;;;;;;;;;;;;;;;;;;;;;;;;;;;;;;;;;;;
 270  417E CD 3A 4C     	call USBHOST_INIT
 271  4181
 272  4181              	; enable the flash rom driver
 273  4181 CD 09 44     	call FLASH_INIT
 274  4184
 275  4184              	; reset CH376s
 276  4184 CD 5E 47         call CH_RESET
 277  4187              	; wait ~100ms
 278  4187 01 06 00     	ld bc, WAIT_ONE_SECOND/10
 279  418A CD 5B 4B     	call WAIT
 280  418D
 281  418D              	IFDEF __MISTERSPI
 282  418D ~            	; make MISO the INT line
 283  418D ~            	call CH_SET_SD0_INT
 284  418D              	ENDIF
 285  418D
 286  418D              	; check if CH376s in the cartridge slot
 287  418D CD 88 47         call CH_HW_TEST
 288  4190 30 07            jr nc, _HW_TEST_OKAY
 289  4192 21 C7 45         ld hl, TXT_NOT_FOUND
 290  4195 CD 13 47         call PRINT
 291  4198 C9               ret
 292  4199
 293  4199              _HW_TEST_OKAY:
 294  4199 DD 7E 00     	ld a,(ix+WRKAREA.STATUS)
 295  419C CB C7            set 0,a
 296  419E DD 77 00         ld (ix+WRKAREA.STATUS),a
 297  41A1 21 9B 45        	ld hl, TXT_FOUND
 298  41A4 CD 13 47         call PRINT
 299  41A7
 300  41A7              	; check and display CH376s IC/firmware version
 301  41A7 21 B5 45     	ld hl, TXT_IC_VERSION
 302  41AA CD 13 47     	call PRINT
 303  41AD CD 63 47     	call CH_IC_VERSION
 304  41B0 C6 30        	add a, '0'
 305  41B2 CD A2 00     	call CHPUT
 306  41B5 21 E2 45     	ld hl, TXT_NEWLINE
 307  41B8 CD 13 47     	call PRINT
 308  41BB
 309  41BB              	; reset USB bus and device
 310  41BB CD 33 4B         call USB_HOST_BUS_RESET
 311  41BE
 312  41BE              	; enumerate and initialise USB devices
 313  41BE DD E5        	push ix
 314  41C0 CD 92 4A     	call FN_CONNECT
 315  41C3 DD E1        	pop ix
 316  41C5 B7           	or a
 317  41C6 C2 D6 41     	jp nz, _USB_MODE_OKAY
 318  41C9 21 FC 45         ld hl, TXT_DEVICE_CHECK_NOK
 319  41CC CD 13 47         call PRINT
 320  41CF 01 78 00     	ld bc, WAIT_ONE_SECOND*2
 321  41D2 CD 5B 4B     	call WAIT
 322  41D5 C9               ret
 323  41D6              _USB_MODE_OKAY:
 324  41D6 F5           	push af
 325  41D7 3E 2B        	ld a, "+"
 326  41D9 CD A2 00     	call CHPUT
 327  41DC F1           	pop af
 328  41DD F5           	push af
 329  41DE C6 30        	add 0x30
 330  41E0 CD A2 00     	call CHPUT
 331  41E3 F1           	pop af
 332  41E4 DD 7E 00     	ld a,(ix+WRKAREA.STATUS)
 333  41E7 CB CF            set 1,a
 334  41E9 DD 77 00         ld (ix+WRKAREA.STATUS),a
 335  41EC 21 E5 45         ld hl, TXT_DEVICE_CHECK_OK
 336  41EF CD 13 47         call PRINT
 337  41F2 DD 7E 0A     	ld a, (ix+WRKAREA.STORAGE_DEVICE_INFO.DEVICE_ADDRESS)
 338  41F5 A7           	and a
 339  41F6 20 07        	jr nz, _FOUND_
 340  41F8 21 17 46         ld hl, TXT_STORAGE_CHECK_NOK
 341  41FB CD 13 47         call PRINT
 342  41FE C9               ret
 343  41FF              _FOUND_:
 344  41FF 21 29 46     	ld hl, TXT_STORAGE_CHECK_OK
 345  4202 CD 13 47         call PRINT
 346  4205              	; start communicating with SCSI device
 347  4205 CD F8 52     	call SCSI_MAX_LUNS
 348  4208 D8           	ret c
 349  4209 CD 38 53     	call SCSI_INIT
 350  420C CD C0 51     	call SCSI_INQUIRY
 351  420F 30 07        	jr nc, _INQUIRY_OKAY
 352  4211 21 41 46     	ld hl, TXT_INQUIRY_NOK
 353  4214 CD 13 47     	call PRINT
 354  4217 C9           	ret
 355  4218              _INQUIRY_OKAY:
 356  4218 DD E5        	push ix
 357  421A              	;
 358  421A 21 3D 46     	ld hl, TXT_INQUIRY_OK
 359  421D CD 13 47     	call PRINT
 360  4220 01 50 00     	ld bc, WRKAREA.SCSI_DEVICE_INFO.VENDORID
 361  4223 CD 84 42     	call WRKAREAPTR
 362  4226 DD E5 E1     	ld hl, ix
 363  4229 CD 13 47     	call PRINT
 364  422C 21 3D 46     	ld hl, TXT_INQUIRY_OK
 365  422F CD 13 47     	call PRINT
 366  4232 01 59 00     	ld bc, WRKAREA.SCSI_DEVICE_INFO.PRODUCTID
 367  4235 CD 84 42     	call WRKAREAPTR
 368  4238 DD E5 E1     	ld hl, ix
 369  423B CD 13 47     	call PRINT
 370  423E              	;
 371  423E DD E1        	pop ix
 372  4240 DD 7E 00     	ld a,(ix+WRKAREA.STATUS)
 373  4243 CB D7            set 2,a
 374  4245 DD 77 00         ld (ix+WRKAREA.STATUS),a
 375  4248
 376  4248 21 56 46     	ld hl, TXT_TEST_START
 377  424B CD 13 47     	call PRINT
 378  424E              _SCSI_TEST_AGAIN:
 379  424E CD 2A 52     	call SCSI_TEST
 380  4251 30 05        	jr nc, _SCSI_TEST_OKAY
 381  4253 CD 46 52     	call SCSI_REQUEST_SENSE
 382  4256 18 F6        	jr _SCSI_TEST_AGAIN
 383  4258              _SCSI_TEST_OKAY:
 384  4258 21 70 46     	ld hl, TXT_TEST_OK
 385  425B CD 13 47     	call PRINT
 386  425E              	; return status disk present but changed
 387  425E DD 7E 00     	ld a,(ix+WRKAREA.STATUS)
 388  4261 CB DF            set 3,a
 389  4263 CB E7        	set 4,a
 390  4265 CB EF        	set 5,a
 391  4267 DD 77 00         ld (ix+WRKAREA.STATUS),a
 392  426A C9           	ret
 393  426B              ;-----------------------------------------------------------------------------
 394  426B              ;
 395  426B              ; Obtain the work area address for the driver or the device
 396  426B              ; Input: (none)
 397  426B              ; Output: IX=Pointer to the selected work area
 398  426B
 399  426B              MY_GWORK:
 400  426B F5           	push	af
 401  426C AF           	xor	a
 402  426D 08           	EX	AF,AF'
 403  426E AF           	XOR	A
 404  426F DD 21 45 40  	LD	IX,GWORK
 405  4273 CD 42 40     	call CALBNK
 406  4276 F1           	pop	af
 407  4277 D5           	push de
 408  4278 DD 5E 00     	ld	e,(ix)			; de=Pointer to the WorkAREA in RAM
 409  427B DD 56 01     	ld	d,(ix+1)
 410  427E DD 62 DD 6B  	ld	ix, de
 411  4282 D1           	pop	de
 412  4283 C9           	ret
 413  4284
 414  4284              ;-----------------------------------------------------------------------------
 415  4284              ;
 416  4284              ; Obtain the work area address for the driver or the device
 417  4284              ; Input: BC = delta in WKRAREA
 418  4284              ; Output: IX=Pointer to the selected work area
 419  4284
 420  4284              WRKAREAPTR:
 421  4284 CD 6B 42     	call MY_GWORK
 422  4287 DD 09        	add ix, bc
 423  4289 C9           	ret
 424  428A
 425  428A
 426  428A              ; ------------------------------------------------
 427  428A              ; Initialize the Work-area
 428  428A              ; ------------------------------------------------
 429  428A              INIWORK:
 430  428A              	; Clear the WorkArea
 431  428A DD E5 E1     	ld hl, ix
 432  428D 54 5D        	ld de, hl
 433  428F 13           	inc de
 434  4290 01 ED 01     	ld bc,WRKAREA-1 ; size of wrkarea
 435  4293 AF           	xor	a
 436  4294 77           	ld	(hl),a
 437  4295 ED B0        	ldir
 438  4297
 439  4297              	; copy NXT_DIRECT to Work-area
 440  4297 CD 49 50     	call NXT_DIRECT_WRKAREA
 441  429A C9           	ret
 442  429B
 443  429B              ;-----------------------------------------------------------------------------
 444  429B              ;
 445  429B              ; Get driver configuration
 446  429B              ; (bit 2 of driver flags must be set if this routine is implemented)
 447  429B              ;
 448  429B              ; Input:
 449  429B              ;   A = Configuration index
 450  429B              ;   BC, DE, HL = Depends on the configuration
 451  429B              ;
 452  429B              ; Output:
 453  429B              ;   A = 0: Ok
 454  429B              ;       1: Configuration not available for the supplied index
 455  429B              ;   BC, DE, HL = Depends on the configuration
 456  429B              DRV_CONFIG:
 457  429B CD 6B 42     	call MY_GWORK
 458  429E 3D           	dec a
 459  429F 20 11        	jr nz, _DEFAULT_CONFIG
 460  42A1              ; * Get number of drives at boot time (for device-based drivers only):
 461  42A1              ;   Input:
 462  42A1              ;     A = 1
 463  42A1              ;     B = 0 for DOS 2 mode, 1 for DOS 1 mode
 464  42A1              ;     C: bit 5 set if user is requesting reduced drive count
 465  42A1              ;        (by pressing the 5 key)
 466  42A1              ;   Output:
 467  42A1              ;     B = number of drives
 468  42A1              _NR_DRIVES_AT_BOOT_TIME:
 469  42A1 DD 7E 00     	ld a,(ix+WRKAREA.STATUS)
 470  42A4 06 00        	ld b, 0
 471  42A6 CB 7F        	bit 7,a ; ROMDRIVE
 472  42A8 28 01        	jr z, _CHECK_USB
 473  42AA 04           	inc b
 474  42AB              _CHECK_USB:
 475  42AB CB 5F        	bit 3,a ; USB DRIVE INITIALIZED
 476  42AD 28 01        	jr z, _CHECK_COMPLETE
 477  42AF 04           	inc b
 478  42B0              _CHECK_COMPLETE:
 479  42B0 AF           	xor a
 480  42B1 C9           	ret
 481  42B2
 482  42B2              ; * Get default configuration for drive
 483  42B2              ;   Input:
 484  42B2              ;     A = 2
 485  42B2              ;     B = 0 for DOS 2 mode, 1 for DOS 1 mode
 486  42B2              ;     C = Relative drive number at boot time
 487  42B2              ;   Output:
 488  42B2              ;     B = Device index
 489  42B2              ;     C = LUN index
 490  42B2              _DEFAULT_CONFIG:
 491  42B2 41           	ld b, c
 492  42B3 04           	inc b
 493  42B4 0E 01        	ld c, 1
 494  42B6 AF           	xor a
 495  42B7 C9           	ret
 496  42B8
 497  42B8              ;-----------------------------------------------------------------------------
 498  42B8              ;
 499  42B8              ; Obtain driver version
 500  42B8              ;
 501  42B8              ; Input:  -
 502  42B8              ; Output: A = Main version number
 503  42B8              ;         B = Secondary version number
 504  42B8              ;         C = Revision number
 505  42B8
 506  42B8              DRV_VERSION:
 507  42B8 3E 00        	ld	a,VER_MAIN
 508  42BA 06 06        	ld	b,VER_SEC
 509  42BC 0E 00        	ld	c,VER_REV
 510  42BE C9           	ret
 511  42BF
 512  42BF
 513  42BF              ;-----------------------------------------------------------------------------
 514  42BF              ;
 515  42BF              ; BASIC expanded statement ("CALL") handler.
 516  42BF              ; Works the expected way, except that if invoking CALBAS is needed,
 517  42BF              ; it must be done via the CALLB0 routine in kernel page 0.
 518  42BF
 519  42BF              DRV_BASSTAT:
 520  42BF 37           	scf
 521  42C0 C9           	ret
 522  42C1
 523  42C1              ;-----------------------------------------------------------------------------
 524  42C1              ;
 525  42C1              ; BASIC expanded device handler.
 526  42C1              ; Works the expected way, except that if invoking CALBAS is needed,
 527  42C1              ; it must be done via the CALLB0 routine in kernel page 0.
 528  42C1
 529  42C1              DRV_BASDEV:
 530  42C1 37           	scf
 531  42C2 C9           	ret
 532  42C3
 533  42C3
 534  42C3              ;-----------------------------------------------------------------------------
 535  42C3              ;
 536  42C3              ; Extended BIOS hook.
 537  42C3              ; Works the expected way, except that it must return
 538  42C3              ; D'=1 if the old hook must be called, D'=0 otherwise.
 539  42C3              ; It is entered with D'=1.
 540  42C3
 541  42C3              DRV_EXTBIO:
 542  42C3 C9           	ret
 543  42C4
 544  42C4
 545  42C4              ;-----------------------------------------------------------------------------
 546  42C4              ;
 547  42C4              ; Direct calls entry points.
 548  42C4              ; Calls to addresses 7850h, 7853h, 7856h, 7859h and 785Ch
 549  42C4              ; in kernel banks 0 and 3 will be redirected
 550  42C4              ; to DIRECT0/1/2/3/4 respectively.
 551  42C4              ; Receives all register data from the caller except IX and AF'.
 552  42C4
 553  42C4              ;DRV_DIRECT0:
 554  42C4              DRV_DIRECT1:
 555  42C4              DRV_DIRECT2:
 556  42C4              DRV_DIRECT3:
 557  42C4              DRV_DIRECT4:
 558  42C4 C9           	ret
 559  42C5
 560  42C5              ;=====
 561  42C5              ;=====  BEGIN of DEVICE-BASED specific routines
 562  42C5              ;=====
 563  42C5
 564  42C5              CAPS_FLASH:
 565  42C5                  ; CAPS FLASH
 566  42C5 DB AA        	in a, (0xaa)
 567  42C7 CB 77            bit 6,a
 568  42C9 28 04            jr z, _CAPS_FLASH_ON
 569  42CB CB B7        	res 6,a
 570  42CD 18 02            jr _CAPS_FLASH
 571  42CF              _CAPS_FLASH_ON:
 572  42CF CB F7            set 6,a
 573  42D1              _CAPS_FLASH:
 574  42D1 D3 AA        	out (0xaa),a
 575  42D3 C9               ret
 576  42D4
 577  42D4              ;-----------------------------------------------------------------------------
 578  42D4              ;
 579  42D4              ; Read or write logical sectors from/to a logical unit
 580  42D4              ;
 581  42D4              ;Input:    Cy=0 to read, 1 to write
 582  42D4              ;          A = Device number, 1 to 7
 583  42D4              ;          B = Number of sectors to read or write
 584  42D4              ;          C = Logical unit number, 1 to 7
 585  42D4              ;          HL = Source or destination memory address for the transfer
 586  42D4              ;          DE = Address where the 4 byte sector number is stored.
 587  42D4              ;Output:   A = Error code (the same codes of MSX-DOS are used):
 588  42D4              ;              0: Ok
 589  42D4              ;              _IDEVL: Invalid device or LUN
 590  42D4              ;              _NRDY: Not ready
 591  42D4              ;              _DISK: General unknown disk error
 592  42D4              ;              _DATA: CRC error when reading
 593  42D4              ;              _RNF: Sector not found
 594  42D4              ;              _UFORM: Unformatted disk
 595  42D4              ;              _WPROT: Write protected media, or read-only logical unit
 596  42D4              ;              _WRERR: Write error
 597  42D4              ;              _NCOMP: Incompatible disk.
 598  42D4              ;              _SEEK: Seek error.
 599  42D4              ;         B = Number of sectors actually read (in case of error only)
 600  42D4              DEV_RW:
 601  42D4 F5           	push af ; preserve A + flags
 602  42D5 79           	ld a, c
 603  42D6 FE 01        	cp 1 ; lun 1 only
 604  42D8 28 06        	jr z, _DEV_RW_CHECK_DRIVE
 605  42DA 3E B5        	ld a, _IDEVL
 606  42DC 06 00        	ld b, 0
 607  42DE F1           	pop af
 608  42DF C9           	ret
 609  42E0
 610  42E0              _DEV_RW_CHECK_DRIVE:
 611  42E0 F1           	pop af ; restore A
 612  42E1 F5           	push af ; preserve flags
 613  42E2 FE 01        	cp 1 ; drive A:
 614  42E4 28 0A        	jr z, _DEV_RW_DRIVE_A
 615  42E6 FE 02        	cp 2 ; drive
 616  42E8 28 11        	jr z, _DEV_RW_DRIVE_B
 617  42EA              	;
 618  42EA 3E B5        	ld a, _IDEVL
 619  42EC 06 00        	ld b, 0
 620  42EE F1           	pop af
 621  42EF C9           	ret
 622  42F0
 623  42F0              _DEV_RW_DRIVE_A:
 624  42F0 CD 6B 42     	call MY_GWORK
 625  42F3 DD 4E 00     	ld c,(ix+WRKAREA.STATUS)
 626  42F6 CB 79        	bit 7,c
 627  42F8 C2 6C 44     	jp nz, DEV_RW_ROMDISK ; Drive A is ROM disk
 628  42FB              	;jr DEV_RW_SCSI ; Drive A is USB Storage
 629  42FB
 630  42FB              _DEV_RW_DRIVE_B: ; Drive B is always USB storage
 631  42FB              DEV_RW_SCSI:
 632  42FB CD C5 42     	call CAPS_FLASH
 633  42FE F1           	pop af
 634  42FF 38 07        	jr c, _DEV_WRITE
 635  4301 CD 62 52     	call SCSI_READ
 636  4304 38 0F        	jr c, _DEV_RW_ERR
 637  4306 18 05        	jr _DEV_RW_NEXT_4
 638  4308              _DEV_WRITE
 639  4308 CD AA 52     	call SCSI_WRITE
 640  430B 38 08        	jr c, _DEV_RW_ERR
 641  430D              _DEV_RW_NEXT_4:
 642  430D              	; CAPS OFF
 643  430D DB AA        	in a, 0xaa
 644  430F CB F7        	set 6,a
 645  4311 D3 AA        	out 0xaa,a
 646  4313              	;
 647  4313 AF           	xor a ; success
 648  4314 C9           	ret
 649  4315              _DEV_RW_ERR
 650  4315 CD C5 42     	call CAPS_FLASH
 651  4318 3E F9        	ld a, _RNF
 652  431A 06 00        	ld b, 0
 653  431C C9           	ret
 654  431D
 655  431D
 656  431D              ;-----------------------------------------------------------------------------
 657  431D              ;
 658  431D              ; Device information gathering
 659  431D              ;
 660  431D              ;Input:   A = Device index, 1 to 7
 661  431D              ;         B = Information to return:
 662  431D              ;             0: Basic information
 663  431D              ;             1: Manufacturer name string
 664  431D              ;             2: Device name string
 665  431D              ;             3: Serial number string
 666  431D              ;         HL = Pointer to a buffer in RAM
 667  431D              ;Output:  A = Error code:
 668  431D              ;             0: Ok
 669  431D              ;             1: Device not available or invalid device index
 670  431D              ;             2: Information not available, or invalid information index
 671  431D              ;         When basic information is requested,
 672  431D              ;         buffer filled with the following information:
 673  431D              ;
 674  431D              ;+0 (1): Number of logical units, from 1 to 7. 1 if the device has no logical
 675  431D              ;        units (which is functionally equivalent to having only one).
 676  431D              ;+1 (1): Device flags, always zero in Beta 2.
 677  431D              ;
 678  431D              ; The strings must be printable ASCII string (ASCII codes 32 to 126),
 679  431D              ; left justified and padded with spaces. All the strings are optional,
 680  431D              ; if not available, an error must be returned.
 681  431D              ; If a string is provided by the device in binary format, it must be reported
 682  431D              ; as an hexadecimal, upper-cased string, preceded by the prefix "0x".
 683  431D              ; The maximum length for a string is 64 characters;
 684  431D              ; if the string is actually longer, the leftmost 64 characters
 685  431D              ; should be provided.
 686  431D              ;
 687  431D              ; In the case of the serial number string, the same rules for the strings
 688  431D              ; apply, except that it must be provided right-justified,
 689  431D              ; and if it is too long, the rightmost characters must be
 690  431D              ; provided, not the leftmost.
 691  431D
 692  431D              DEV_INFO:
 693  431D FE 01        	cp 1 ; drive A:
 694  431F 28 06        	jr z, _DEV_INFO_DRIVE_A
 695  4321 FE 02        	cp 2 ; drive
 696  4323 28 0D        	jr z, _DEV_INFO_DRIVE_B
 697  4325 20 5F        	jr nz, _DEV_INFO_NOT_INSERTED
 698  4327              _DEV_INFO_DRIVE_A:
 699  4327 CD 6B 42     	call MY_GWORK
 700  432A DD 7E 00     	ld a,(ix+WRKAREA.STATUS)
 701  432D CB 7F        	bit 7,a
 702  432F C2 D6 44     	jp nz, DEV_INFO_ROMDISK ; Drive A is ROM disk
 703  4332              	;jr DEV_INFO_SCSI ; Drive A is  USB storage
 704  4332              _DEV_INFO_DRIVE_B ; Drive B is always USB storage
 705  4332              DEV_INFO_SCSI:
 706  4332 4F           	ld c, a
 707  4333 78           	ld a, b
 708  4334 FE 00        	cp 0
 709  4336 28 0E        	jr z,_DEV_INFO_BASIC
 710  4338 FE 01        	cp 1
 711  433A 28 11        	jr z,_DEV_INFO_MANUFACTURER
 712  433C FE 02        	cp 2
 713  433E 28 20        	jr z,_DEV_INFO_DEVICE_NAME
 714  4340 FE 03        	cp 3
 715  4342 28 2F        	jr z,_DEV_INFO_SERIAL
 716  4344              	; else
 717  4344 18 40        	jr _DEV_INFO_NOT_INSERTED
 718  4346
 719  4346              _DEV_INFO_BASIC:
 720  4346 36 01        	ld (hl),1
 721  4348 23           	inc hl
 722  4349 36 00        	ld (hl),0
 723  434B AF           	xor a
 724  434C C9           	ret
 725  434D
 726  434D              _DEV_INFO_MANUFACTURER:
 727  434D 54 5D        	ld de, hl
 728  434F 01 50 00     	ld bc, WRKAREA.SCSI_DEVICE_INFO.VENDORID
 729  4352 CD 84 42     	call WRKAREAPTR
 730  4355 DD E5 E1     	ld hl,ix
 731  4358 01 08 00     	ld bc, 8
 732  435B ED B0        	ldir
 733  435D AF           	xor a
 734  435E 12           	ld (de),a
 735  435F C9           	ret
 736  4360
 737  4360              _DEV_INFO_DEVICE_NAME:
 738  4360 54 5D        	ld de, hl
 739  4362 01 59 00     	ld bc, WRKAREA.SCSI_DEVICE_INFO.PRODUCTID
 740  4365 CD 84 42     	call WRKAREAPTR
 741  4368 DD E5 E1     	ld hl,ix
 742  436B 01 10 00     	ld bc, 16
 743  436E ED B0        	ldir
 744  4370 AF           	xor a
 745  4371 12           	ld (de),a
 746  4372 C9           	ret
 747  4373
 748  4373              _DEV_INFO_SERIAL:
 749  4373 54 5D        	ld de, hl
 750  4375 01 6A 00     	ld bc, WRKAREA.SCSI_DEVICE_INFO.PRODUCTREV
 751  4378 CD 84 42     	call WRKAREAPTR
 752  437B DD E5 E1     	ld hl,ix
 753  437E 01 04 00     	ld bc, 4
 754  4381 ED B0        	ldir
 755  4383 AF           	xor a
 756  4384 12           	ld (de),a
 757  4385 C9           	ret
 758  4386
 759  4386              _DEV_INFO_NOT_INSERTED:
 760  4386 3E 01        	ld	a,1
 761  4388 C9           	ret
 762  4389
 763  4389
 764  4389              ;-----------------------------------------------------------------------------
 765  4389              ;
 766  4389              ; Obtain device status
 767  4389              ;
 768  4389              ;Input:   A = Device index, 1 to 7
 769  4389              ;         B = Logical unit number, 1 to 7
 770  4389              ;             0 to return the status of the device itself.
 771  4389              ;Output:  A = Status for the specified logical unit,
 772  4389              ;             or for the whole device if 0 was specified:
 773  4389              ;                0: The device or logical unit is not available, or the
 774  4389              ;                   device or logical unit number supplied is invalid.
 775  4389              ;                1: The device or logical unit is available and has not
 776  4389              ;                   changed since the last status request.
 777  4389              ;                2: The device or logical unit is available and has changed
 778  4389              ;                   since the last status request
 779  4389              ;                   (for devices, the device has been unplugged and a
 780  4389              ;                    different device has been plugged which has been
 781  4389              ;                    assigned the same device index; for logical units,
 782  4389              ;                    the media has been changed).
 783  4389              ;                3: The device or logical unit is available, but it is not
 784  4389              ;                   possible to determine whether it has been changed
 785  4389              ;                   or not since the last status request.
 786  4389              ;
 787  4389              ; Devices not supporting hot-plugging must always return status value 1.
 788  4389              ; Non removable logical units may return values 0 and 1.
 789  4389              ;
 790  4389              ; The returned status is always relative to the previous invokation of
 791  4389              ; DEV_STATUS itself. Please read the Driver Developer Guide for more info.
 792  4389
 793  4389              DEV_STATUS:
 794  4389              	; check LUN
 795  4389 F5           	push af
 796  438A 78           	ld a, b
 797  438B FE 01        	cp 1
 798  438D 20 0B        	jr nz, _DEV_STATUS_NO_EXIST
 799  438F F1           	pop af
 800  4390              	; check drive
 801  4390 FE 01        	cp 1 ; drive A:
 802  4392 28 09        	jr z, _DEV_STATUS_DRIVE_A
 803  4394 FE 02        	cp 2 ; drive
 804  4396 28 10        	jr z, _DEV_STATUS_DRIVE_B
 805  4398 18 01        	jr _DEV_STATUS_NO_EXIST2
 806  439A              _DEV_STATUS_NO_EXIST:
 807  439A F1           	pop af
 808  439B              _DEV_STATUS_NO_EXIST2:
 809  439B AF           	xor	a ; not available
 810  439C C9           	ret
 811  439D
 812  439D              _DEV_STATUS_DRIVE_A:
 813  439D CD 6B 42     	call MY_GWORK
 814  43A0 DD 7E 00     	ld a,(ix+WRKAREA.STATUS)
 815  43A3 CB 7F        	bit 7,a
 816  43A5 C2 18 45     	jp nz, DEV_STATUS_ROMDISK ; Drive A is ROM disk
 817  43A8              	;jr DEV_STATUS_SCSI ; Drive A is USB storage
 818  43A8              DEV_STATUS_SCSI:
 819  43A8              _DEV_STATUS_DRIVE_B: ; Drive B is always USB storage
 820  43A8 CD 6B 42     	call	MY_GWORK
 821  43AB              	; bit 0 = CH376s present,
 822  43AB              	; bit 1 = initialised,
 823  43AB              	; bit 2 = USB device present,
 824  43AB              	; bit 3 = USB device mounted,
 825  43AB              	; bit 4 = virtual DSK inserted,
 826  43AB              	; bit 5 = DSK changed
 827  43AB DD 7E 00     	ld a, (ix+WRKAREA.STATUS)
 828  43AE              	; DSK present?
 829  43AE CB 67        	bit 4,a
 830  43B0 28 0F        	jr z, _DEV_STATUS_ERR
 831  43B2              	; changed?
 832  43B2 CB 6F        	bit 5,a
 833  43B4 28 08        	jr z, _DEV_STATUS_NO_CHANGE
 834  43B6 CB AF        	res 5,a
 835  43B8 DD 77 00     	ld (ix+WRKAREA.STATUS),a
 836  43BB 3E 02        	ld a, 2 ; available, changed
 837  43BD C9           	ret
 838  43BE
 839  43BE              _DEV_STATUS_NO_CHANGE:
 840  43BE 3E 01        	ld a, 1 ; available, no change
 841  43C0 C9           	ret
 842  43C1
 843  43C1              _DEV_STATUS_ERR:
 844  43C1 AF           	xor	a ; not available
 845  43C2 C9           	ret
 846  43C3
 847  43C3              ;-----------------------------------------------------------------------------
 848  43C3              ;
 849  43C3              ; Obtain logical unit information
 850  43C3              ;
 851  43C3              ;Input:   A  = Device index, 1 to 7
 852  43C3              ;         B  = Logical unit number, 1 to 7
 853  43C3              ;         HL = Pointer to buffer in RAM.
 854  43C3              ;Output:  A = 0: Ok, buffer filled with information.
 855  43C3              ;             1: Error, device or logical unit not available,
 856  43C3              ;                or device index or logical unit number invalid.
 857  43C3              ;         On success, buffer filled with the following information:
 858  43C3              ;
 859  43C3              ;+0 (1): Medium type:
 860  43C3              ;        0: Block device
 861  43C3              ;        1: CD or DVD reader or recorder
 862  43C3              ;        2-254: Unused. Additional codes may be defined in the future.
 863  43C3              ;        255: Other
 864  43C3              ;+1 (2): Sector size, 0 if this information does not apply or is
 865  43C3              ;        not available.
 866  43C3              ;+3 (4): Total number of available sectors.
 867  43C3              ;        0 if this information does not apply or is not available.
 868  43C3              ;+7 (1): Flags:
 869  43C3              ;        bit 0: 1 if the medium is removable.
 870  43C3              ;        bit 1: 1 if the medium is read only. A medium that can dinamically
 871  43C3              ;               be write protected or write enabled is not considered
 872  43C3              ;               to be read-only.
 873  43C3              ;        bit 2: 1 if the LUN is a floppy disk drive.
 874  43C3              ;+8 (2): Number of cylinders
 875  43C3              ;+10 (1): Number of heads
 876  43C3              ;+11 (1): Number of sectors per track
 877  43C3              ;
 878  43C3              ; Number of cylinders, heads and sectors apply to hard disks only.
 879  43C3              ; For other types of device, these fields must be zero.
 880  43C3
 881  43C3              LUN_INFO:
 882  43C3              	; check LUN
 883  43C3 F5           	push af
 884  43C4 78           	ld a, b
 885  43C5 FE 01        	cp 1
 886  43C7 20 0B        	jr nz, _LUN_INFO_NO_EXIST
 887  43C9 F1           	pop af
 888  43CA              	; check Drive
 889  43CA FE 01        	cp 1 ; drive A:
 890  43CC 28 0A        	jr z, _LUN_INFO_DRIVE_A
 891  43CE FE 02        	cp 2 ; drive
 892  43D0 28 11        	jr z, _LUN_INFO_DRIVE_B
 893  43D2 18 01        	jr _LUN_INFO_NO_EXIST2
 894  43D4              _LUN_INFO_NO_EXIST:
 895  43D4 F1           	pop af
 896  43D5              _LUN_INFO_NO_EXIST2:
 897  43D5 3E 01        	ld	a,1
 898  43D7 C9           	ret
 899  43D8
 900  43D8              _LUN_INFO_DRIVE_A:
 901  43D8 CD 6B 42     	call MY_GWORK
 902  43DB DD 7E 00     	ld a,(ix+WRKAREA.STATUS)
 903  43DE CB 7F        	bit 7,a
 904  43E0 C2 1B 45     	jp nz, LUN_INFO_ROMDISK ; Drive A is ROM disk
 905  43E3              	;jr LUN_INFO_SCSI ; Drive A is USB storage
 906  43E3              LUN_INFO_SCSI:
 907  43E3              _LUN_INFO_DRIVE_B:
 908  43E3              	; #0
 909  43E3 36 00        	ld (hl),0 ; block device
 910  43E5              	; #1
 911  43E5 23           	inc hl
 912  43E6 36 00        	ld (hl),00h
 913  43E8 23           	inc hl
 914  43E9 36 02        	ld (hl),02h ; 512 byte sector
 915  43EB              	; #3
 916  43EB 23           	inc hl
 917  43EC 36 00        	ld (hl),00h
 918  43EE 23           	inc hl
 919  43EF 36 00        	ld (hl),00h
 920  43F1 23           	inc hl
 921  43F2 36 00        	ld (hl),00h
 922  43F4 23           	inc hl
 923  43F5 36 00        	ld (hl),00h
 924  43F7              	; #7
 925  43F7 23           	inc hl
 926  43F8 36 01        	ld (hl),00000001b ; removable + non-read only + no floppy
 927  43FA              	; #8
 928  43FA 23           	inc hl
 929  43FB 36 00        	ld (hl), 0
 930  43FD 23           	inc hl
 931  43FE 36 00        	ld (hl), 0 ; cylinders/tracks
 932  4400              	; #10
 933  4400 23           	inc hl
 934  4401 36 00        	ld (hl), 0 ; heads
 935  4403              	; #11
 936  4403 23           	inc hl
 937  4404 36 00        	ld (hl), 0 ; sectors per track
 938  4406
 939  4406 3E 00        	ld a, 0
 940  4408 C9           	ret
 941  4409
 942  4409
 943  4409              ;=====
 944  4409              ;=====  END of DEVICE-BASED specific routines
 945  4409              ;=====
 946  4409
 947  4409              ;-----------------------------------------------------------------------------
 948  4409              ;
 949  4409              ; End of the driver code
 950  4409
 951  4409              	include "flashdisk.asm"
# file opened: flashdisk.asm
   1+ 4409              	IFDEF __ROOKIEDRIVE
   2+ 4409 ~            BANK_SWITCH_ADDR equ 6000h
   3+ 4409 ~            DISK_START_BANK equ 8
   4+ 4409              	ENDIF
   5+ 4409              	IFDEF __MISTERSPI
   6+ 4409 ~            BANK_SWITCH_ADDR equ 6000h
   7+ 4409 ~            BANK_SWITCH_ADDR2 equ 6800h
   8+ 4409 ~            DISK_START_BANK equ 8
   9+ 4409              	ENDIF
  10+ 4409              	IFDEF __MSXUSBCARTv1
  11+ 4409              BANK_SWITCH_ADDR equ 5000h
  12+ 4409              BANK_SWITCH_ADDR2 equ 7000h
  13+ 4409              DISK_START_BANK equ 8
  14+ 4409              	ENDIF
  15+ 4409
  16+ 4409              FLASH_INIT:
  17+ 4409 DD E5            push ix
  18+ 440B                  ; copy flash read code to WRKAREA
  19+ 440B DD E5 E1         ld hl, ix
  20+ 440E 01 87 01         ld bc, WRKAREA.FLASH_READ
  21+ 4411 09               add hl, bc
  22+ 4412 E5               push hl ; + points to FLASH_READ
  23+ 4413 EB               ex de, hl
  24+ 4414 21 58 44         ld hl, FLASH_READ_START
  25+ 4417 01 14 00         ld bc, FLASH_READ_END-FLASH_READ_START
  26+ 441A ED B0            ldir
  27+ 441C                  ; check contents of flash sector 0
  28+ 441C 11 00 C0         ld de, 0c000h
  29+ 441F 21 00 40         ld hl, 4000h
  30+ 4422 01 02 00         ld bc, 2
  31+ 4425 3A FF 40         ld a, (CUR_BANK)
  32+ 4428 08               ex af,af'
  33+ 4429 3E 08            ld a, DISK_START_BANK
  34+ 442B DD E1            pop ix ; - points to FLASH_READ
  35+ 442D FD 21 36 44      ld iy, _FLASH_INIT_NEXT
  36+ 4431 FD E5            push iy ; return address
  37+ 4433 F3               di
  38+ 4434 DD E9            jp (ix)
  39+ 4436                  ; update status in WRKAREA to indicate IF we have flash disk
  40+ 4436              _FLASH_INIT_NEXT:
  41+ 4436 FB               ei
  42+ 4437 DD E1        	pop ix
  43+ 4439              	; starting with EBh FEh?
  44+ 4439 3A 00 C0         ld a, (0c000h)
  45+ 443C FE EB        	cp 0EBh
  46+ 443E 20 16        	jr nz,_FLASH_INIT_NOK
  47+ 4440 3A 01 C0         ld a, (0c001h)
  48+ 4443 FE FE        	cp 0FEh
  49+ 4445 20 0F        	jr nz,_FLASH_INIT_NOK
  50+ 4447              _FLASH_INIT_OK:
  51+ 4447 DD 7E 00         ld a,(ix+WRKAREA.STATUS)
  52+ 444A CB FF            set 7,a
  53+ 444C DD 77 00         ld (ix+WRKAREA.STATUS),a
  54+ 444F 21 85 46         ld hl, TXT_FLASHDISK_OK
  55+ 4452 CD 13 47         call PRINT
  56+ 4455 C9               ret
  57+ 4456              _FLASH_INIT_NOK:
  58+ 4456 37               scf ; no flash disk at this place
  59+ 4457 C9               ret
  60+ 4458
  61+ 4458              FLASH_READ_START
  62+ 4458              ; FLASH_READ - read a number of bytes from flash location
  63+ 4458              ; Input: HL - source address
  64+ 4458              ;        DE - destination address
  65+ 4458              ;        BC - amount of bytes
  66+ 4458              ;        A = bank number
  67+ 4458              ;        A' = bank number to switch back to after done
  68+ 4458              FLASH_READ:
  69+ 4458                  IFNDEF __ROOKIEDRIVE
  70+ 4458 07               rlca ; bank number multiplied times 2 to select right 8k segment
  71+ 4459                  ENDIF
  72+ 4459 32 00 50         ld	(BANK_SWITCH_ADDR),a
  73+ 445C                  IFNDEF __ROOKIEDRIVE
  74+ 445C 3C               inc	a ; plus 1
  75+ 445D 32 00 70     	ld	(BANK_SWITCH_ADDR2),a
  76+ 4460                  ENDIF
  77+ 4460 ED B0        	ldir
  78+ 4462 08           	ex af,af'
  79+ 4463                  IFNDEF __ROOKIEDRIVE
  80+ 4463 07               rlca ; bank number multiplied times 2 to select right 8k segment
  81+ 4464                  ENDIF
  82+ 4464 32 00 50     	ld	(BANK_SWITCH_ADDR),a
  83+ 4467                  IFNDEF __ROOKIEDRIVE
  84+ 4467 3C               inc	a ; plus 1
  85+ 4468 32 00 70     	ld	(BANK_SWITCH_ADDR2),a
  86+ 446B                  ENDIF
  87+ 446B C9           	ret
  88+ 446C              FLASH_READ_END:
  89+ 446C
  90+ 446C              ;-----------------------------------------------------------------------------
  91+ 446C              ;
  92+ 446C              ; Read or write logical sectors from/to a logical unit
  93+ 446C              ;
  94+ 446C              ;Input:    Flags on stack: Cy=0 to read, 1 to write
  95+ 446C              ;          B = Number of sectors to read or write
  96+ 446C              ;          HL = Source or destination memory address for the transfer
  97+ 446C              ;          DE = Address where the 4 byte sector number is stored.
  98+ 446C              ;Output:   A = Error code (the same codes of MSX-DOS are used):
  99+ 446C              ;              0: Ok
 100+ 446C              ;              _IDEVL: Invalid device or LUN
 101+ 446C              ;              _NRDY: Not ready
 102+ 446C              ;              _DISK: General unknown disk error
 103+ 446C              ;              _DATA: CRC error when reading
 104+ 446C              ;              _RNF: Sector not found
 105+ 446C              ;              _UFORM: Unformatted disk
 106+ 446C              ;              _WPROT: Write protected media, or read-only logical unit
 107+ 446C              ;              _WRERR: Write error
 108+ 446C              ;              _NCOMP: Incompatible disk.
 109+ 446C              ;              _SEEK: Seek error.
 110+ 446C              ;         B = Number of sectors actually read (in case of error only)
 111+ 446C              DEV_RW_ROMDISK:
 112+ 446C F1           	pop af
 113+ 446D 30 05        	jr nc,_DEV_R_ROMDISK
 114+ 446F 3E F8        	ld a, _WPROT ; not allowed to write to flash rom
 115+ 4471 06 00        	ld b, 0
 116+ 4473 C9           	ret
 117+ 4474
 118+ 4474              _DEV_R_ROMDISK:
 119+ 4474              	; CAPS ON
 120+ 4474 DB AA        	in a, 0xaa
 121+ 4476 CB B7        	res 6,a
 122+ 4478 D3 AA        	out 0xaa,a
 123+ 447A              	;
 124+ 447A
 125+ 447A              	; calculate banknr and memory position based on (DE)
 126+ 447A DD 62 DD 6B  	ld ix, de
 127+ 447E DD 5E 00     	ld e,(ix+0)
 128+ 4481 DD 56 01     	ld d,(ix+1)
 129+ 4484 D5           	push de
 130+ 4485              	; calculate banknr = sectornr / 32
 131+ 4485 CB 2A        	sra	d ;/2
 132+ 4487 CB 1B        	rr	e
 133+ 4489 CB 2A        	sra	d ;/4
 134+ 448B CB 1B        	rr	e
 135+ 448D CB 2A        	sra	d ;/8
 136+ 448F CB 1B        	rr	e
 137+ 4491 CB 2A        	sra	d ;/16
 138+ 4493 CB 1B        	rr	e
 139+ 4495 CB 2A        	sra	d ;/32
 140+ 4497 CB 1B        	rr	e
 141+ 4499 7B           	ld	a,e
 142+ 449A C6 08        	add	a, DISK_START_BANK
 143+ 449C 4F           	ld  c,a
 144+ 449D              	; calculate memory location = ((sector MOD 32)*512)+#4000
 145+ 449D D1           	pop de
 146+ 449E 7B           	ld	a,e
 147+ 449F E6 1F        	and	%11111
 148+ 44A1 87           	add	a,a
 149+ 44A2 C6 40        	add	a,0x40
 150+ 44A4 57           	ld	d,a
 151+ 44A5 1E 00        	ld	e,0
 152+ 44A7
 153+ 44A7              	; DE points to source and HL points to destination => reverse
 154+ 44A7 EB           	ex de, hl
 155+ 44A8
 156+ 44A8              	; setup call to FLASH_READ
 157+ 44A8 C5           	push bc
 158+ 44A9 01 87 01     	ld bc, WRKAREA.FLASH_READ
 159+ 44AC CD 84 42     	call WRKAREAPTR
 160+ 44AF C1           	pop bc
 161+ 44B0
 162+ 44B0              _DEV_R_ROMDISK_AGAIN:
 163+ 44B0 C5           	push bc
 164+ 44B1 3A FF 40     	ld a, (CUR_BANK)
 165+ 44B4 08               ex af,af'
 166+ 44B5 79           	ld a, c
 167+ 44B6 01 00 02         ld bc, 512
 168+ 44B9 FD 21 C2 44  	ld iy, _DEV_R_ROMDISK_NEXT
 169+ 44BD FD E5            push iy ; return address
 170+ 44BF F3           	di
 171+ 44C0 DD E9            jp (ix)
 172+ 44C2              _DEV_R_ROMDISK_NEXT:
 173+ 44C2 FB           	ei
 174+ 44C3 C1           	pop bc
 175+ 44C4 CB 7C        	bit	7,h	; need next bank ?
 176+ 44C6 28 04        	jr	z,_DEV_R_ROMDISK_NEXT2
 177+ 44C8 21 00 40     	ld	hl,#4000 ; YES
 178+ 44CB 0C           	inc	c
 179+ 44CC              _DEV_R_ROMDISK_NEXT2:
 180+ 44CC 10 E2        	djnz _DEV_R_ROMDISK_AGAIN
 181+ 44CE
 182+ 44CE              	; CAPS OFF
 183+ 44CE DB AA        	in a, 0xaa
 184+ 44D0 CB F7        	set 6,a
 185+ 44D2 D3 AA        	out 0xaa,a
 186+ 44D4              	;
 187+ 44D4 AF           	xor a ; success
 188+ 44D5 C9           	ret
 189+ 44D6
 190+ 44D6              ; Device information gathering
 191+ 44D6              ;
 192+ 44D6              ;Input:   A = Device index, 1 to 7
 193+ 44D6              ;         B = Information to return:
 194+ 44D6              ;             0: Basic information
 195+ 44D6              ;             1: Manufacturer name string
 196+ 44D6              ;             2: Device name string
 197+ 44D6              ;             3: Serial number string
 198+ 44D6              ;         HL = Pointer to a buffer in RAM
 199+ 44D6              ;Output:  A = Error code:
 200+ 44D6              ;             0: Ok
 201+ 44D6              ;             1: Device not available or invalid device index
 202+ 44D6              ;             2: Information not available, or invalid information index
 203+ 44D6              DEV_INFO_ROMDISK:
 204+ 44D6 78           	ld a, b
 205+ 44D7 FE 00        	cp 0
 206+ 44D9 28 0F        	jr z,_DEV_INFO_ROMDISK_BASIC
 207+ 44DB FE 01        	cp 1
 208+ 44DD 28 12        	jr z,_DEV_INFO_ROMDISK_MANUFACTURER
 209+ 44DF FE 02        	cp 2
 210+ 44E1 28 1B        	jr z,_DEV_INFO_ROMDISK_DEVICE_NAME
 211+ 44E3 FE 03        	cp 3
 212+ 44E5 28 24        	jr z,_DEV_INFO_ROMDISK_SERIAL
 213+ 44E7              	; else
 214+ 44E7 3E 02        	ld a, 2
 215+ 44E9 C9               ret
 216+ 44EA
 217+ 44EA              _DEV_INFO_ROMDISK_BASIC:
 218+ 44EA 36 01        	ld (hl),1
 219+ 44EC 23           	inc hl
 220+ 44ED 36 00        	ld (hl),0
 221+ 44EF AF           	xor a
 222+ 44F0 C9           	ret
 223+ 44F1
 224+ 44F1              _DEV_INFO_ROMDISK_MANUFACTURER:
 225+ 44F1 54 5D        	ld de, hl
 226+ 44F3 21 9A 46     	ld hl,RD_MANUFACTURER
 227+ 44F6 01 08 00     	ld bc, 8
 228+ 44F9 ED B0        	ldir
 229+ 44FB AF           	xor a
 230+ 44FC 12           	ld (de),a
 231+ 44FD C9           	ret
 232+ 44FE
 233+ 44FE              _DEV_INFO_ROMDISK_DEVICE_NAME:
 234+ 44FE 54 5D        	ld de, hl
 235+ 4500 21 A4 46         ld hl,RD_DEVICE_NAME
 236+ 4503 01 10 00     	ld bc, 16
 237+ 4506 ED B0        	ldir
 238+ 4508 AF           	xor a
 239+ 4509 12           	ld (de),a
 240+ 450A C9           	ret
 241+ 450B
 242+ 450B              _DEV_INFO_ROMDISK_SERIAL:
 243+ 450B 54 5D        	ld de, hl
 244+ 450D 21 B3 46         ld hl,RD_SERIAL
 245+ 4510 01 04 00     	ld bc, 4
 246+ 4513 ED B0        	ldir
 247+ 4515 AF           	xor a
 248+ 4516 12           	ld (de),a
 249+ 4517 C9           	ret
 250+ 4518
 251+ 4518              ; Obtain device status
 252+ 4518              ;
 253+ 4518              ;Output:  A = Status for the specified logical unit,
 254+ 4518              ;             or for the whole device if 0 was specified:
 255+ 4518              ;                0: The device or logical unit is not available, or the
 256+ 4518              ;                   device or logical unit number supplied is invalid.
 257+ 4518              ;                1: The device or logical unit is available and has not
 258+ 4518              ;                   changed since the last status request.
 259+ 4518              ;                2: The device or logical unit is available and has changed
 260+ 4518              ;                   since the last status request
 261+ 4518              ;                   (for devices, the device has been unplugged and a
 262+ 4518              ;                    different device has been plugged which has been
 263+ 4518              ;                    assigned the same device index; for logical units,
 264+ 4518              ;                    the media has been changed).
 265+ 4518              ;                3: The device or logical unit is available, but it is not
 266+ 4518              ;                   possible to determine whether it has been changed
 267+ 4518              ;                   or not since the last status request.
 268+ 4518              DEV_STATUS_ROMDISK:
 269+ 4518 3E 01            ld a, 1
 270+ 451A C9               ret
 271+ 451B
 272+ 451B              ; Obtain logical unit information
 273+ 451B              ;
 274+ 451B              ;Input:   HL = Pointer to buffer in RAM.
 275+ 451B              ;Output:  A = 0: Ok, buffer filled with information.
 276+ 451B              ;             1: Error, device or logical unit not available,
 277+ 451B              ;                or device index or logical unit number invalid.
 278+ 451B              LUN_INFO_ROMDISK:
 279+ 451B                  ; #0
 280+ 451B 36 00        	ld (hl),0 ; block device
 281+ 451D              	; #1
 282+ 451D 23           	inc hl
 283+ 451E 36 00        	ld (hl),00h
 284+ 4520 23           	inc hl
 285+ 4521 36 02        	ld (hl),02h ; 512 byte sector
 286+ 4523              	; #3
 287+ 4523 23           	inc hl
 288+ 4524 36 00        	ld (hl),00h
 289+ 4526 23           	inc hl
 290+ 4527 36 00        	ld (hl),00h
 291+ 4529 23           	inc hl
 292+ 452A 36 00        	ld (hl),00h
 293+ 452C 23           	inc hl
 294+ 452D 36 00        	ld (hl),00h
 295+ 452F              	; #7
 296+ 452F 23           	inc hl
 297+ 4530 36 02        	ld (hl),00000010b ; non-removable + read only + no floppy
 298+ 4532              	; #8
 299+ 4532 23           	inc hl
 300+ 4533 36 00        	ld (hl), 0
 301+ 4535 23           	inc hl
 302+ 4536 36 00        	ld (hl), 0 ; cylinders/tracks
 303+ 4538              	; #10
 304+ 4538 23           	inc hl
 305+ 4539 36 00        	ld (hl), 0 ; heads
 306+ 453B              	; #11
 307+ 453B 23           	inc hl
 308+ 453C 36 00        	ld (hl), 0 ; sectors per track
 309+ 453E
 310+ 453E 3E 00        	ld a, 0
 311+ 4540 C9           	ret
# file closed: flashdisk.asm
 952  4541              	include "driver_helpers_low.asm"
# file opened: driver_helpers_low.asm
   1+ 4541
   2+ 4541              	STRUCT _SCSI_DEVINFO
   3+ 4541 ~            BASE:				; Offset to the base of the data structure
   4+ 4541 ~            TAG					db
   5+ 4541 ~            MAX_LUNS			db
   6+ 4541 ~            BUFFER:    			ds 0x24 ; longest response (inquiry) we want to absorb during init
   7+ 4541 ~            CSW:				ds _SCSI_COMMAND_STATUS_WRAPPER
   8+ 4541 ~            VENDORID:			ds 8 ;UINT8	VendorIdStr[8];				/* 08H */
   9+ 4541 ~            					db 0
  10+ 4541 ~            PRODUCTID:			ds 16 ;UINT8 ProductIdStr[16];			/* 10H */
  11+ 4541 ~            					db 0
  12+ 4541 ~            PRODUCTREV:			ds 8 ;UINT8	ProductRevStr[4];			/* 20H */
  13+ 4541 ~            					db 0
  14+ 4541              	ENDS
  15+ 4541
  16+ 4541              	STRUCT _USB_DEVICE_INFO
  17+ 4541 ~            BASE:
  18+ 4541 ~            DEVICE_ADDRESS					DB
  19+ 4541 ~            INTERFACE_ID					DB
  20+ 4541 ~            CONFIG_ID						DB
  21+ 4541 ~            MAX_PACKET_SIZE					DB
  22+ 4541 ~            DATA_BULK_IN_ENDPOINT_ID		DB
  23+ 4541 ~            DATA_BULK_OUT_ENDPOINT_ID		DB
  24+ 4541 ~            DATA_BULK_IN_ENDPOINT_TOGGLE	DB
  25+ 4541 ~            DATA_BULK_OUT_ENDPOINT_TOGGLE	DB
  26+ 4541              	ENDS
  27+ 4541
  28+ 4541              	STRUCT _HUB_DEVICE_INFO
  29+ 4541 ~            HUB_PORTS						DB
  30+ 4541 ~            HUB_PORT_STATUS					DS 4
  31+ 4541              	ENDS
  32+ 4541
  33+ 4541              	STRUCT _SEARCH_DEVICE_INFO
  34+ 4541 ~            NUM_CONFIGS						DB
  35+ 4541 ~            NUM_INTERFACES					DB
  36+ 4541 ~            NUM_ENDPOINTS					DB
  37+ 4541 ~            WANTED_CLASS					DB
  38+ 4541 ~            WANTED_SUB_CLASS				DB
  39+ 4541 ~            WANTED_PROTOCOL					DB
  40+ 4541              	ENDS
  41+ 4541
  42+ 4541              	STRUCT WRKAREA
  43+ 4541 ~            BASE:					; Offset to the base of the data structure
  44+ 4541 ~            STATUS:					db ; bit 0 = CH376s present, bit 1 = initialised, bit 2 = USB device present, bit 3 = USB device mounted, bit 5 = DSK changed, bit 7 = Flash disk present
  45+ 4541 ~            MAX_DEVICE_ADDRESS:		db 0
  46+ 4541 ~            USB_DEVICE_INFO:		_USB_DEVICE_INFO
  47+ 4541 ~            STORAGE_DEVICE_INFO:	_USB_DEVICE_INFO
  48+ 4541 ~            SEARCH_DEVICE_INFO		_SEARCH_DEVICE_INFO
  49+ 4541 ~            HUB_DEVICE_INFO			_HUB_DEVICE_INFO
  50+ 4541 ~            SCSI_DEVICE_INFO:		_SCSI_DEVINFO
  51+ 4541 ~            USB_DESCRIPTOR			ds 140 ; ** memory area to hold the usb device+config descriptor of the current interrogated device
  52+ 4541 ~            USB_DESCRIPTORS			ds USB_DESCRIPTORS_END - USB_DESCRIPTORS_START ; **
  53+ 4541 ~            FLASH_READ				ds FLASH_READ_END - FLASH_READ_START ; routine that swaps in the right segment, reads, and swaps back
  54+ 4541 ~            NXT_DIRECT				ds NXT_DIRECT_END - NXT_DIRECT_START
  55+ 4541              	ENDS
  56+ 4541
  57+ 4541              	DISPLAY "WRKAREA bytes: ",/D,WRKAREA
  58+ 4541
  59+ 4541              	IFDEF __ROOKIEDRIVE
  60+ 4541 ~            TXT_START:              db "MSXUSB-RD v0.8 (c) Sourceror\r\n"
  61+ 4541              	ENDIF
  62+ 4541              	IFDEF __MISTERSPI
  63+ 4541 ~            TXT_START:              db "MSXUSB-MST v0.8 (c)Sourceror\r\n"
  64+ 4541              	ENDIF
  65+ 4541              	IFDEF __MSXUSBCARTv1
  66+ 4541 4D 53 58 55  TXT_START:              db "MSXUSB v0.8  (c) Sourceror\r\n"
  66+ 4545 53 42 20 76
  66+ 4549 30 2E 38 20
  66+ 454D 20 28 63 29
  66+ 4551 20 53 6F 75
  66+ 4555 72 63 65 72
  66+ 4559 6F 72 0D 0A
  67+ 455D              	ENDIF
  68+ 455D 47 4E 55 20  						db "GNU General Public License\r\n"
  68+ 4561 47 65 6E 65
  68+ 4565 72 61 6C 20
  68+ 4569 50 75 62 6C
  68+ 456D 69 63 20 4C
  68+ 4571 69 63 65 6E
  68+ 4575 73 65 0D 0A
  69+ 4579 3D 3D 3D 3D  						db "=============================\r\n\r\n",0
  69+ 457D 3D 3D 3D 3D
  69+ 4581 3D 3D 3D 3D
  69+ 4585 3D 3D 3D 3D
  69+ 4589 3D 3D 3D 3D
  69+ 458D 3D 3D 3D 3D
  69+ 4591 3D 3D 3D 3D
  69+ 4595 3D 0D 0A 0D
  69+ 4599 0A 00
  70+ 459B 2B 4D 53 58  TXT_FOUND:              db "+MSXUSB cartridge found\r\n",0
  70+ 459F 55 53 42 20
  70+ 45A3 63 61 72 74
  70+ 45A7 72 69 64 67
  70+ 45AB 65 20 66 6F
  70+ 45AF 75 6E 64 0D
  70+ 45B3 0A 00
  71+ 45B5 2B 43 48 33  TXT_IC_VERSION:			db "+CH376s version: ",0
  71+ 45B9 37 36 73 20
  71+ 45BD 76 65 72 73
  71+ 45C1 69 6F 6E 3A
  71+ 45C5 20 00
  72+ 45C7 2D 49 6E 73  TXT_NOT_FOUND:          db "-Insert MSXUSB cartridge\r\n",0
  72+ 45CB 65 72 74 20
  72+ 45CF 4D 53 58 55
  72+ 45D3 53 42 20 63
  72+ 45D7 61 72 74 72
  72+ 45DB 69 64 67 65
  72+ 45DF 0D 0A 00
  73+ 45E2 0D 0A 00     TXT_NEWLINE				db "\r\n",0
  74+ 45E5 20 64 65 76  TXT_DEVICE_CHECK_OK:	db " device(s) connected\r\n",0
  74+ 45E9 69 63 65 28
  74+ 45ED 73 29 20 63
  74+ 45F1 6F 6E 6E 65
  74+ 45F5 63 74 65 64
  74+ 45F9 0D 0A 00
  75+ 45FC 2D 4E 6F 20  TXT_DEVICE_CHECK_NOK:	db "-No USB device connected\r\n",0
  75+ 4600 55 53 42 20
  75+ 4604 64 65 76 69
  75+ 4608 63 65 20 63
  75+ 460C 6F 6E 6E 65
  75+ 4610 63 74 65 64
  75+ 4614 0D 0A 00
  76+ 4617 2D 4E 6F 20  TXT_STORAGE_CHECK_NOK:	db "-No USB storage\r\n",0
  76+ 461B 55 53 42 20
  76+ 461F 73 74 6F 72
  76+ 4623 61 67 65 0D
  76+ 4627 0A 00
  77+ 4629 2B 46 6F 75  TXT_STORAGE_CHECK_OK:	db "+Found USB Storage:",0
  77+ 462D 6E 64 20 55
  77+ 4631 53 42 20 53
  77+ 4635 74 6F 72 61
  77+ 4639 67 65 3A 00
  78+ 463D 0D 0A 20 00  TXT_INQUIRY_OK:			db "\r\n ",0
  79+ 4641 0D 0A 2D 45  TXT_INQUIRY_NOK:		db "\r\n-Error (Inquiry)\r\n",0
  79+ 4645 72 72 6F 72
  79+ 4649 20 28 49 6E
  79+ 464D 71 75 69 72
  79+ 4651 79 29 0D 0A
  79+ 4655 00
  80+ 4656 0D 0A 2B 54  TXT_TEST_START:			db "\r\n+Testing storage device",0
  80+ 465A 65 73 74 69
  80+ 465E 6E 67 20 73
  80+ 4662 74 6F 72 61
  80+ 4666 67 65 20 64
  80+ 466A 65 76 69 63
  80+ 466E 65 00
  81+ 4670 0D 0A 2B 41  TXT_TEST_OK:			db "\r\n+All systems go!\r\n",0
  81+ 4674 6C 6C 20 73
  81+ 4678 79 73 74 65
  81+ 467C 6D 73 20 67
  81+ 4680 6F 21 0D 0A
  81+ 4684 00
  82+ 4685 2B 52 4F 4D  TXT_FLASHDISK_OK:		db "+ROM disk detected\r\n",0
  82+ 4689 20 64 69 73
  82+ 468D 6B 20 64 65
  82+ 4691 74 65 63 74
  82+ 4695 65 64 0D 0A
  82+ 4699 00
  83+ 469A
  84+ 469A 53 30 75 72  RD_MANUFACTURER:		db "S0urceror",0
  84+ 469E 63 65 72 6F
  84+ 46A2 72 00
  85+ 46A4 46 6C 61 73  RD_DEVICE_NAME:			db "Flash ROM Disk",0
  85+ 46A8 68 20 52 4F
  85+ 46AC 4D 20 44 69
  85+ 46B0 73 6B 00
  86+ 46B3 76 30 2E 31  RD_SERIAL:				db "v0.1",0
  86+ 46B7 00
# file closed: driver_helpers_low.asm
 953  46B8              	include "print_bios.asm"
# file opened: print_bios.asm
   1+ 46B8              ; ---------------------------------------------------------
   2+ 46B8              ; Miscellanous helper functions
   3+ 46B8              ;
   4+ 46B8              ;
   5+ 46B8
   6+ 46B8              CHPUT   EQU     #A2
   7+ 46B8
   8+ 46B8              ;       Subroutine      Print a buffer of data in HEX
   9+ 46B8              ;       Inputs          HL - buffer to be printed
  10+ 46B8              ;                       BC - number of bytes
  11+ 46B8              ;       Outputs         ________________________
  12+ 46B8              PRINTHEX_BUFFER:
  13+ 46B8 16 08            ld d,8
  14+ 46BA              _PRINTHEX_LOOP:
  15+ 46BA 7E               ld a, (hl)
  16+ 46BB CD E6 46         call PRINT_HEX
  17+ 46BE 3E 20            ld a, 020h
  18+ 46C0 CD A2 00         call CHPUT
  19+ 46C3 23               inc hl
  20+ 46C4 0B               dec bc
  21+ 46C5                  ; decrement d and check if zero
  22+ 46C5 15               dec d
  23+ 46C6 7A               ld a, d
  24+ 46C7 A7               and a
  25+ 46C8 20 0A            jr nz, _PRINTHEX_NEXT
  26+ 46CA E5               push hl
  27+ 46CB 21 E2 45         ld hl, TXT_NEWLINE
  28+ 46CE CD 13 47         call PRINT
  29+ 46D1 16 08            ld d,8
  30+ 46D3 E1               pop hl
  31+ 46D4
  32+ 46D4              _PRINTHEX_NEXT:
  33+ 46D4 78               ld a,b
  34+ 46D5 B1               or c
  35+ 46D6 C2 BA 46         jp nz, _PRINTHEX_LOOP
  36+ 46D9 C9               ret
  37+ 46DA
  38+ 46DA              ;       Subroutine      Print a buffer of data in chars
  39+ 46DA              ;       Inputs          HL - buffer to be printed
  40+ 46DA              ;                       BC - number of bytes
  41+ 46DA              ;       Outputs         ________________________
  42+ 46DA              PRINT_BUFFER:
  43+ 46DA 7E               ld a, (hl)
  44+ 46DB CD A2 00         call CHPUT
  45+ 46DE 23               inc hl
  46+ 46DF 0B               dec bc
  47+ 46E0 78               ld a,b
  48+ 46E1 B1               or c
  49+ 46E2 C2 DA 46         jp nz, PRINT_BUFFER
  50+ 46E5 C9               ret
  51+ 46E6
  52+ 46E6              ;       Subroutine      Print 8-bit hexidecimal number
  53+ 46E6              ;       Inputs          A - number to be printed - 0ABh
  54+ 46E6              ;       Outputs         ________________________
  55+ 46E6              PRINT_HEX:
  56+ 46E6 F5               push af
  57+ 46E7 C5               push bc
  58+ 46E8 D5               push de
  59+ 46E9 CD F8 46         call __NUMTOHEX
  60+ 46EC 7A               ld a, d
  61+ 46ED CD A2 00         call CHPUT
  62+ 46F0 7B               ld a, e
  63+ 46F1 CD A2 00         call CHPUT
  64+ 46F4 D1               pop de
  65+ 46F5 C1               pop bc
  66+ 46F6 F1               pop af
  67+ 46F7 C9               ret
  68+ 46F8              ;       Subroutine      Convert 8-bit hexidecimal number to ASCII reprentation
  69+ 46F8              ;       Inputs          A - number to be printed - 0ABh
  70+ 46F8              ;       Outputs         DE - two byte ASCII values - D=65 / 'A' and E=66 / 'B'
  71+ 46F8              __NUMTOHEX:
  72+ 46F8 4F               ld c, a   ; a = number to convert
  73+ 46F9 CD 03 47         call _NTH1
  74+ 46FC 57               ld d, a
  75+ 46FD 79               ld a, c
  76+ 46FE CD 07 47         call _NTH2
  77+ 4701 5F               ld e, a
  78+ 4702 C9               ret  ; return with hex number in de
  79+ 4703              _NTH1:
  80+ 4703 1F               rra
  81+ 4704 1F               rra
  82+ 4705 1F               rra
  83+ 4706 1F               rra
  84+ 4707              _NTH2:
  85+ 4707 F6 F0            or 0F0h
  86+ 4709 27               daa
  87+ 470A C6 A0            add a, 0A0h
  88+ 470C CE 40            adc a, 040h ; Ascii hex at this point (0 to F)
  89+ 470E C9               ret
  90+ 470F
  91+ 470F              ;       Subroutine      Print char with the DOS routine
  92+ 470F              ;       Inputs          A - char to print
  93+ 470F              ;       Outputs         -------------------------------
  94+ 470F              PRINT_CHAR:
  95+ 470F CD A2 00         call CHPUT
  96+ 4712 C9               ret
  97+ 4713
  98+ 4713              ;       Subroutine      Print nul-terminated text with the BIOS routine
  99+ 4713              ;       Inputs          HL - pointer to text to print
 100+ 4713              ;       Outputs         -------------------------------
 101+ 4713              PRINT:
 102+ 4713 F5               push af
 103+ 4714              _PRINT_MORE:
 104+ 4714 7E               ld a,(hl)
 105+ 4715 A7               and a
 106+ 4716 28 06            jr z, _PRINT_DONE
 107+ 4718 CD A2 00         call CHPUT
 108+ 471B 23               inc hl
 109+ 471C 18 F6            jr _PRINT_MORE
 110+ 471E              _PRINT_DONE:
 111+ 471E F1               pop af
 112+ 471F C9               ret
 113+ 4720
 114+ 4720              ; Set page 0 SlotId
 115+ 4720              ; Input: A - SlotId
 116+ 4720              ; Registers: AF, BC, DE, HL
 117+ 4720              ; Remarks: ISR must preserve page 0 SlotId and page 3 memory mapping. Function must be placed within address range [4000h, BFFFh]
 118+ 4720              BEEP equ 0c0h
 119+ 4720              SLTTBL equ 0FCC5h
 120+ 4720              CLS	equ	0Ch
 121+ 4720              setpg0:
 122+ 4720 4F           	ld c, a ; save
 123+ 4721              	; primary slot
 124+ 4721 E6 03        	and 3 ; get only primary slot
 125+ 4723 47           	ld b, a ; B = primary slot for page 0
 126+ 4724 DB A8        	in a, (0a8h)
 127+ 4726 E6 FC        	and 0fch ; clean page 0
 128+ 4728 B0           	or b
 129+ 4729 D3 A8        	out (0a8h), a
 130+ 472B              	; secondary slot
 131+ 472B 79           	ld a, c ; restore original SlotId value
 132+ 472C 07           	rlca ; check for expanded bit
 133+ 472D D0           	ret nc ; if not expanded return
 134+ 472E 0F           	rrca
 135+ 472F E6 0C        	and 00ch ; get only subslot
 136+ 4731 0F           	rrca ; put it for page 0
 137+ 4732 0F           	rrca
 138+ 4733 4F           	ld c, a ; C = secondary slot for page 0
 139+ 4734              	; set SLTTBL on HL
 140+ 4734 21 C5 FC     	ld hl, SLTTBL
 141+ 4737 16 00        	ld d, 0
 142+ 4739 58           	ld e, b ; add primary slot value to SLTTBL
 143+ 473A 19           	add hl, de ; HL = SLTTBL pointer
 144+ 473B              	; check if is the same already in SSSR
 145+ 473B 7E           	ld a, (hl) ; get SLTTBL
 146+ 473C 57           	ld d, a ; save
 147+ 473D E6 03        	and 3 ; get only page 0
 148+ 473F A9           	xor c ; compare if the same
 149+ 4740 C8           	ret z ; if xor = 0 then is the same, return
 150+ 4741              	; pre-compute new SSSR
 151+ 4741 7A           	ld a, d ; recover SLTTBL
 152+ 4742 E6 FC        	and 0fch ; clean page 0
 153+ 4744 B1           	or c ; set secondary slot for page 0
 154+ 4745 5F           	ld e, a ; E = new SSSR
 155+ 4746 78           	ld a, b ; recover primary slot
 156+ 4747 0F           	rrca ; set it for page 3
 157+ 4748 0F           	rrca
 158+ 4749 47           	ld b, a ; B = primary slot for page 3
 159+ 474A              	; change SSSR
 160+ 474A DB A8        	in a, (0a8h)
 161+ 474C 57           	ld d, a ; save original value
 162+ 474D E6 3F        	and 03fh ; clean page 3
 163+ 474F B0           	or b
 164+ 4750 F3           	di ; we are going to change page 3
 165+ 4751 D3 A8        	out (0a8h), a ; set page 3 for SSSR
 166+ 4753 7B           	ld a, e ; recover new SSSR
 167+ 4754 32 FF FF     	ld (0ffffh), a ; set new SSSR
 168+ 4757 7A           	ld a, d ; restore page 3
 169+ 4758 D3 A8        	out (0a8h), a
 170+ 475A              	; update SLTTBL
 171+ 475A 7B           	ld a, e ; recover new SSSR
 172+ 475B 77           	ld (hl), a ; save on its corresponding SLTTBL
 173+ 475C FB           	ei ; finished with page 3
 174+ 475D C9           	ret
 175+ 475E
 176+ 475E              ; call BIOS
 177+ 475E              ;BIOSCHPUT:
 178+ 475E              ;	push af,bc,de,hl
 179+ 475E              ;	ld a, 00000000b ; non extended slot 0-0
 180+ 475E              ;	call setpg0
 181+ 475E              ;	pop hl,de,bc,af
 182+ 475E
 183+ 475E              	; BIOS working
 184+ 475E              ;	call CHPUT
 185+ 475E
 186+ 475E              ;	push af,bc,de,hl
 187+ 475E              ;	ld a, 10001011b ; extended slot 3-2
 188+ 475E              ;	call setpg0
 189+ 475E              ;	pop hl,de,bc,af
 190+ 475E              ;	ret
 191+ 475E
# file closed: print_bios.asm
 954  475E              	include "ch376s.asm"
# file opened: ch376s.asm
   1+ 475E              ;
   2+ 475E              ; CH376s.ASM - Z80 assembly to communicate with the CH376s generic USB chip
   3+ 475E              ; Copyright (c) 2019 Néstor Soriano (Konamiman), Mario Smit (S0urceror)
   4+ 475E              ;
   5+ 475E              ; This program is free software: you can redistribute it and/or modify
   6+ 475E              ; it under the terms of the GNU General Public License as published by
   7+ 475E              ; the Free Software Foundation, version 3.
   8+ 475E              ;
   9+ 475E              ; This program is distributed in the hope that it will be useful, but
  10+ 475E              ; WITHOUT ANY WARRANTY; without even the implied warranty of
  11+ 475E              ; MERCHANTABILITY or FITNESS FOR A PARTICULAR PURPOSE. See the GNU
  12+ 475E              ; General Public License for more details.
  13+ 475E              ;
  14+ 475E              ; You should have received a copy of the GNU General Public License
  15+ 475E              ; along with this program. If not, see <http://www.gnu.org/licenses/>.
  16+ 475E              ;
  17+ 475E
  18+ 475E              ; CH376 commands
  19+ 475E              CH_CMD_GET_IC_VER equ 01h
  20+ 475E              CH_CMD_SET_SPEED: equ 04h
  21+ 475E              CH_CMD_RESET_ALL: equ 05h
  22+ 475E              CH_CMD_CHECK_EXIST: equ 06h
  23+ 475E              CH_CMD_SET_RETRY: equ 0Bh
  24+ 475E              CH_CMD_SET_SD0_INT: equ 0Bh
  25+ 475E              CH_CMD_DELAY_100US: equ 0Fh
  26+ 475E              CH_CMD_SET_USB_ADDR: equ 13h
  27+ 475E              CH_CMD_SET_USB_MODE: equ 15h
  28+ 475E              CH_CMD_TEST_CONNECT: equ 16h
  29+ 475E              CH_CMD_ABORT_NAK: equ 17h
  30+ 475E              CH_CMD_GET_STATUS: equ 22h
  31+ 475E              CH_CMD_DIRTY_BUFFER: equ 25h
  32+ 475E              CH_CMD_RD_USB_DATA0: equ 27h
  33+ 475E              CH_CMD_WR_HOST_DATA: equ 2Ch
  34+ 475E              CH_CMD_SET_FILE_NAME: equ 2Fh
  35+ 475E              CH_CMD_DISK_CONNECT: equ 30h
  36+ 475E              CH_CMD_DISK_MOUNT: equ 31h
  37+ 475E              CH_CMD_OPEN_FILE: equ 32h
  38+ 475E              CH_CMD_FILE_ENUM_GO: equ 33h
  39+ 475E              CH_CMD_FILE_CLOSE: equ 36h
  40+ 475E              CH_CMD_BYTE_READ: equ 3ah
  41+ 475E              CH_CMD_BYTE_RD_GO: equ 3bh
  42+ 475E              CH_CMD_CLR_STALL equ 41h
  43+ 475E              CH_CMD_SET_ADDRESS: equ 45h
  44+ 475E              CH_CMD_GET_DESCR: equ 46h
  45+ 475E              CH_CMD_SET_CONFIG: equ 49h
  46+ 475E              CH_CMD_SEC_LOCATE: equ 4Ah
  47+ 475E              CH_CMD_SEC_READ: equ 4Bh
  48+ 475E              CH_CMD_SEC_WRITE: equ 4Ch
  49+ 475E              CH_CMD_ISSUE_TKN_X: equ 4Eh
  50+ 475E              CH_CMD_DISK_READ: equ 54h
  51+ 475E              CH_CMD_DISK_RD_GO: equ 55h
  52+ 475E              CH_CMD_DISK_WRITE: equ 56h
  53+ 475E              CH_CMD_DISK_WR_GO: equ 57h
  54+ 475E
  55+ 475E              ; return codes
  56+ 475E              CH_ST_RET_SUCCESS: equ 51h
  57+ 475E              CH_ST_RET_ABORT: equ 5Fh
  58+ 475E              ; CH376 ports
  59+ 475E                  IFDEF __ROOKIEDRIVE
  60+ 475E ~            CH_DATA_PORT       equ 0020h
  61+ 475E ~            CH_COMMAND_PORT    equ 0021h
  62+ 475E                  ENDIF
  63+ 475E                  IFDEF __MISTERSPI
  64+ 475E ~            CH_DATA_PORT       equ 0020h
  65+ 475E ~            CH_STATUS_PORT     equ 0021h
  66+ 475E ~            CH_COMMAND_PORT    equ 0021h
  67+ 475E                  ENDIF
  68+ 475E                  IFDEF __MSXUSBCARTv1
  69+ 475E              CH_DATA_PORT           equ 0010h
  70+ 475E              CH_COMMAND_PORT        equ 0011h
  71+ 475E                  ENDIF
  72+ 475E              ; CH376 result codes
  73+ 475E              CH_USB_INT_SUCCESS:  equ 14h
  74+ 475E              CH_USB_INT_CONNECT:  equ 15h
  75+ 475E              CH_USB_INT_DISCONNECT: equ 16h
  76+ 475E              CH_USB_INT_BUF_OVER: equ 17h
  77+ 475E              CH_USB_INT_USB_READY: equ 18h
  78+ 475E              CH_USB_INT_DISK_READ: equ 1dh
  79+ 475E              CH_USB_INT_DISK_WRITE: equ 1eh
  80+ 475E              CH_USB_ERR_OPEN_DIR: equ 41h
  81+ 475E              CH_USB_ERR_MISS_FILE: equ 42h
  82+ 475E              CH_USB_ERR_FOUND_NAME: equ 43h
  83+ 475E              CH_USB_ERR_FILE_CLOSE: equ 0b4h
  84+ 475E              ;--- PIDs
  85+ 475E              CH_PID_SETUP: equ 0Dh
  86+ 475E              CH_PID_IN: equ 09h
  87+ 475E              CH_PID_OUT: equ 01h
  88+ 475E              ; own result codes
  89+ 475E              USB_ERR_PANIC_BUTTON_PRESSED: equ 0C1h
  90+ 475E
  91+ 475E              CH_BOOT_PROTOCOL: equ 0
  92+ 475E              ; 2-set to 1.5 Mhz low-speed mode, 0-set to 12 Mhz high-speed mode (default)
  93+ 475E              CH_SPEED_LOW: equ 2
  94+ 475E              CH_SPEED_HIGH: equ 0
  95+ 475E              CH_MODE_HOST_RESET: equ 7
  96+ 475E              CH_MODE_HOST: equ 6
  97+ 475E
  98+ 475E              ; --------------------------------------
  99+ 475E              ; CH_FILE_CLOSE
 100+ 475E              ;
 101+ 475E              ; Input: A = 1 if file-length is updated in dir, 0 if not
 102+ 475E              ; Output: none
 103+ 475E              ;CH_FILE_CLOSE:
 104+ 475E              ;    ld b,a
 105+ 475E              ;    ld a, CH_CMD_FILE_CLOSE
 106+ 475E              ;    out (CH_COMMAND_PORT), a ; start reading
 107+ 475E              ;    ld a, b
 108+ 475E              ;    out (CH_DATA_PORT), a
 109+ 475E              ;    call CH_WAIT_INT_AND_GET_RESULT
 110+ 475E              ;    ret
 111+ 475E
 112+ 475E              ; --------------------------------------
 113+ 475E              ; CH_FILE_READ
 114+ 475E              ;
 115+ 475E              ; Input: HL points to buffer to receive data
 116+ 475E              ; Output: none
 117+ 475E              ;CH_FILE_READ:
 118+ 475E              ;    ld a, CH_CMD_BYTE_READ
 119+ 475E              ;    out (CH_COMMAND_PORT), a ; start reading
 120+ 475E              ;    ld a, 64 ; buffer size
 121+ 475E              ;    out (CH_DATA_PORT), a ; 64 bytes requested
 122+ 475E              ;    xor a
 123+ 475E              ;    out (CH_DATA_PORT),a
 124+ 475E
 125+ 475E              ;_FILE_READ_NEXT:
 126+ 475E              ;    call CH_WAIT_INT_AND_GET_RESULT
 127+ 475E              ;    cp CH_USB_INT_DISK_READ ; data read
 128+ 475E              ;    jp z, _FILE_READ_DATA
 129+ 475E              ;    cp CH_USB_INT_SUCCESS ; done reading
 130+ 475E              ;    jp z, _FILE_READ_SUCCESS
 131+ 475E              ;    scf ; error flag
 132+ 475E              ;    ret
 133+ 475E
 134+ 475E              ;_FILE_READ_DATA:
 135+ 475E              ;    ; read the contents of the sector in the buffer pointed by HL
 136+ 475E              ;    call CH_READ_DATA
 137+ 475E              ;    ld a, c
 138+ 475E              ;    or a
 139+ 475E              ;    scf
 140+ 475E              ;    ret z
 141+ 475E              ;
 142+ 475E              ;    ld a, CH_CMD_BYTE_RD_GO
 143+ 475E              ;    out (CH_COMMAND_PORT), a ; request next block
 144+ 475E              ;    jp _FILE_READ_NEXT
 145+ 475E
 146+ 475E              ;_FILE_READ_SUCCESS:
 147+ 475E              ;    or a
 148+ 475E              ;    ret
 149+ 475E
 150+ 475E              ; --------------------------------------
 151+ 475E              ; CH_DISK_READ
 152+ 475E              ;
 153+ 475E              ; Input: HL points to the read buffer
 154+ 475E              ;        IX points to the IO_BUFFER
 155+ 475E              ;        (IX) should contain a 4 byte sector allowed count plus a 4 byte LBA
 156+ 475E              ;        can be overwritten.
 157+ 475E              ; Output: Cy = 1 on error
 158+ 475E              ;CH_DISK_READ:
 159+ 475E              ;    ld a, CH_CMD_DISK_READ
 160+ 475E              ;    out (CH_COMMAND_PORT), a ; start reading
 161+ 475E
 162+ 475E              ;    ld a,(ix+4)
 163+ 475E              ;    out (CH_DATA_PORT), a
 164+ 475E              ;    ld a,(ix+5)
 165+ 475E              ;    out (CH_DATA_PORT), a
 166+ 475E              ;    ld a,(ix+6)
 167+ 475E              ;    out (CH_DATA_PORT), a
 168+ 475E              ;    ld a,(ix+7)
 169+ 475E              ;    out (CH_DATA_PORT), a
 170+ 475E              ;    ld a, (ix)
 171+ 475E              ;    out (CH_DATA_PORT), a
 172+ 475E
 173+ 475E              ;_DISK_READ_NEXT:
 174+ 475E              ;    call CH_WAIT_INT_AND_GET_RESULT
 175+ 475E              ;    cp CH_USB_INT_DISK_READ ; data read
 176+ 475E              ;    jp z, _DISK_READ_DATA
 177+ 475E              ;    cp CH_USB_INT_SUCCESS ; done reading
 178+ 475E              ;    jp z, _DISK_READ_SUCCESS
 179+ 475E              ;    scf ; error flag
 180+ 475E              ;    ret
 181+ 475E
 182+ 475E              ;_DISK_READ_DATA:
 183+ 475E              ;    ; read the contents of the sector in the buffer pointed by HL
 184+ 475E              ;    call CH_READ_DATA
 185+ 475E              ;    ld a, c
 186+ 475E              ;    or a
 187+ 475E              ;    scf
 188+ 475E              ;    ret z
 189+ 475E
 190+ 475E              ;    ld a, CH_CMD_DISK_RD_GO
 191+ 475E              ;    out (CH_COMMAND_PORT), a ; request next block
 192+ 475E              ;    jp _DISK_READ_NEXT
 193+ 475E
 194+ 475E              ;_DISK_READ_SUCCESS:
 195+ 475E              ;    or a
 196+ 475E              ;    ret
 197+ 475E
 198+ 475E              ; --------------------------------------
 199+ 475E              ; CH_DISK_WRITE
 200+ 475E              ;
 201+ 475E              ; Input: HL points to the write buffer
 202+ 475E              ;        IX points to the IO buffer
 203+ 475E              ;        (IX) should contain a 4 byte sector allowed count plus a 4 byte LBA
 204+ 475E              ; Output: Cy = 1 on error
 205+ 475E              ;CH_DISK_WRITE:
 206+ 475E              ;    ld a, CH_CMD_DISK_WRITE
 207+ 475E              ;    out (CH_COMMAND_PORT), a ; start writing
 208+ 475E
 209+ 475E              ;    ld a,(ix+4)
 210+ 475E              ;    out (CH_DATA_PORT), a
 211+ 475E              ;    ld a,(ix+5)
 212+ 475E              ;    out (CH_DATA_PORT), a
 213+ 475E              ;    ld a,(ix+6)
 214+ 475E              ;    out (CH_DATA_PORT), a
 215+ 475E              ;    ld a,(ix+7)
 216+ 475E              ;    out (CH_DATA_PORT), a
 217+ 475E              ;    ld a, (ix)
 218+ 475E              ;    out (CH_DATA_PORT), a
 219+ 475E
 220+ 475E              ;    ; multiply sector count by 8 separate writes per sector
 221+ 475E              ;    sla a
 222+ 475E              ;    sla a
 223+ 475E              ;    sla a
 224+ 475E              ;    ld d, a
 225+ 475E
 226+ 475E              ;_DISK_WRITE_NEXT:
 227+ 475E              ;    call CH_WAIT_INT_AND_GET_RESULT
 228+ 475E              ;    cp CH_USB_INT_DISK_WRITE ; ready to write data
 229+ 475E              ;    jp z, _DISK_WRITE_DATA
 230+ 475E              ;    cp CH_USB_INT_SUCCESS ; done reading
 231+ 475E              ;    jp z, _DISK_WRITE_SUCCESS
 232+ 475E              ;    scf ; error flag
 233+ 475E              ;    ret
 234+ 475E
 235+ 475E              ;_DISK_WRITE_DATA:
 236+ 475E              ;    ; failsafe, check if d already points to zero
 237+ 475E              ;    ld a, d
 238+ 475E              ;    or a
 239+ 475E              ;    jr z, _DISK_WRITE_SUCCESS
 240+ 475E
 241+ 475E              ;    ; write the contents of the sector in the buffer pointed by HL
 242+ 475E              ;    ld b, 64 ; 64 bytes per write
 243+ 475E              ;    call CH_WRITE_DATA
 244+ 475E              ;    dec d
 245+ 475E
 246+ 475E              ;    ld a, CH_CMD_DISK_WR_GO
 247+ 475E              ;    out (CH_COMMAND_PORT), a ; request next block
 248+ 475E              ;    jp _DISK_WRITE_NEXT
 249+ 475E
 250+ 475E              ;_DISK_WRITE_SUCCESS:
 251+ 475E              ;    or a
 252+ 475E              ;    ret
 253+ 475E
 254+ 475E              ; --------------------------------------
 255+ 475E              ; CH_SEC_WRITE
 256+ 475E              ;
 257+ 475E              ; Input: A = number of sectors requested to read from file pointer
 258+ 475E              ;        IX = IO_BUFFER address
 259+ 475E              ; Output: Cy = 1 on error
 260+ 475E              ;         (IX) contains LBA
 261+ 475E              ;CH_SEC_WRITE:
 262+ 475E              ;    ld b,a
 263+ 475E              ;    ld a, CH_CMD_SEC_WRITE
 264+ 475E              ;    out (CH_COMMAND_PORT), a
 265+ 475E              ;    ld a, b
 266+ 475E              ;    out (CH_DATA_PORT), a
 267+ 475E              ;    jr _CH_SEC_IO
 268+ 475E
 269+ 475E              ; --------------------------------------
 270+ 475E              ; CH_SEC_READ
 271+ 475E              ;
 272+ 475E              ; Input: A = number of sectors requested to read from file pointer
 273+ 475E              ;        IX = IO_BUFFER address
 274+ 475E              ; Output: Cy = 1 on error
 275+ 475E              ;         (IX) contains LBA
 276+ 475E              ;CH_SEC_READ:
 277+ 475E              ;    ld b,a
 278+ 475E              ;    ld a, CH_CMD_SEC_READ
 279+ 475E              ;    out (CH_COMMAND_PORT), a
 280+ 475E              ;    ld a, b
 281+ 475E              ;    out (CH_DATA_PORT), a
 282+ 475E
 283+ 475E              ;_CH_SEC_IO
 284+ 475E              ;    call CH_WAIT_INT_AND_GET_RESULT
 285+ 475E              ;    cp CH_USB_INT_SUCCESS ; file sector found
 286+ 475E              ;    scf ; error flag
 287+ 475E              ;    ret nz
 288+ 475E
 289+ 475E              ;    push hl,bc
 290+ 475E              ;    ld hl,ix
 291+ 475E              ;    call CH_READ_DATA ; read absolute sector number
 292+ 475E              ;    ld a, c
 293+ 475E              ;    pop bc,hl
 294+ 475E              ;    ; we should have 8 bytes
 295+ 475E              ;    ; READ_BUFFER + 0,1,2,3 = nr. of sectors that we are allowed to read/write, zero is EOF
 296+ 475E              ;    ; READ_BUFFER + 4,5,6,7 = LBA absolute disk sector
 297+ 475E              ;    or a
 298+ 475E              ;    scf
 299+ 475E              ;    ret z ; return when no data read
 300+ 475E              ;    ; number of allowed sectors > 0
 301+ 475E              ;    ld a, (ix)
 302+ 475E              ;    cp b
 303+ 475E              ;    scf
 304+ 475E              ;    ret nz ; return if the nr. allowed is not 1
 305+ 475E              ;    ; clear Cy
 306+ 475E              ;    or a
 307+ 475E              ;    ret
 308+ 475E
 309+ 475E              ; --------------------------------------
 310+ 475E              ; CH_SEC_LOCATE
 311+ 475E              ;
 312+ 475E              ; Input: DE = points to address of 32 bit file sector pointer
 313+ 475E              ; Output: Cy = 1 on error
 314+ 475E              ;CH_SEC_LOCATE:
 315+ 475E              ;    push de
 316+ 475E              ;    ld a, CH_CMD_SEC_LOCATE
 317+ 475E              ;    out (CH_COMMAND_PORT), a
 318+ 475E              ;    ld a,(de)
 319+ 475E              ;    out (CH_DATA_PORT), a
 320+ 475E              ;    inc de
 321+ 475E              ;    ld a,(de)
 322+ 475E              ;    out (CH_DATA_PORT), a
 323+ 475E              ;    inc de
 324+ 475E              ;    ld a,(de)
 325+ 475E              ;    out (CH_DATA_PORT), a
 326+ 475E              ;    inc de
 327+ 475E              ;    ld a,(de)
 328+ 475E              ;    out (CH_DATA_PORT), a
 329+ 475E              ;    pop de
 330+ 475E              ;
 331+ 475E              ;    call CH_WAIT_INT_AND_GET_RESULT
 332+ 475E              ;    cp CH_USB_INT_SUCCESS ; file sector found
 333+ 475E              ;    scf ; error flag
 334+ 475E              ;    ret nz
 335+ 475E              ;
 336+ 475E              ;    or a ; clear error flag
 337+ 475E              ;    ret
 338+ 475E
 339+ 475E              ; --------------------------------------
 340+ 475E              ; CH_SET_FILE_NAME
 341+ 475E              ;
 342+ 475E              ; Input: HL = pointer to filename or search path, buffer should be filled out to 13 chars
 343+ 475E              ; Output: none
 344+ 475E              ;CH_SET_FILE_NAME:
 345+ 475E              ;    ld a, CH_CMD_SET_FILE_NAME
 346+ 475E              ;    out (CH_COMMAND_PORT), a
 347+ 475E              ;    ; write filename or search path, zero terminated
 348+ 475E              ;    ld c,CH_DATA_PORT
 349+ 475E              ;_SET_FILE_NAME_REPEAT:
 350+ 475E              ;    ld a,(hl) ; read from buffer
 351+ 475E              ;    out (c),a
 352+ 475E              ;    inc hl
 353+ 475E              ;    or a ; stop if we read and output a 0?
 354+ 475E              ;    jp nz, _SET_FILE_NAME_REPEAT
 355+ 475E              ;    ret
 356+ 475E
 357+ 475E              ; --------------------------------------
 358+ 475E              ; CH_FILE_OPEN
 359+ 475E              ;
 360+ 475E              ; Input: none, opens the file previously set
 361+ 475E              ; Output: Cy = 1 on error
 362+ 475E              ;CH_FILE_OPEN:
 363+ 475E              ;    ld a, CH_CMD_OPEN_FILE
 364+ 475E              ;    out (CH_COMMAND_PORT), a
 365+ 475E              ;    call CH_WAIT_INT_AND_GET_RESULT
 366+ 475E              ;    cp CH_USB_INT_SUCCESS ; file opened
 367+ 475E              ;    scf ; error flag
 368+ 475E              ;    ret nz
 369+ 475E              ;_FILE_OPEN_SUCCESS:
 370+ 475E              ;    or a ; clear error flag
 371+ 475E              ;    ret
 372+ 475E              ; --------------------------------------
 373+ 475E              ; CH_DIR_OPEN
 374+ 475E              ;
 375+ 475E              ; Input: none, opens the directory previously set
 376+ 475E              ; Output: Cy = 1 on error
 377+ 475E              ;CH_DIR_OPEN:
 378+ 475E              ;    ld a, CH_CMD_OPEN_FILE
 379+ 475E              ;    out (CH_COMMAND_PORT), a
 380+ 475E              ;    call CH_WAIT_INT_AND_GET_RESULT
 381+ 475E              ;    cp CH_USB_ERR_OPEN_DIR ; dir opened
 382+ 475E              ;    scf ; error flag
 383+ 475E              ;    ret nz
 384+ 475E              ;    or a ; clear error flag
 385+ 475E              ;    ret
 386+ 475E
 387+ 475E              ; --------------------------------------
 388+ 475E              ; CH_DIRTY_BUFFER
 389+ 475E              ;
 390+ 475E              ; Clear internal disk and file buffers
 391+ 475E              ;
 392+ 475E              ; Input: none
 393+ 475E              ; Output: none
 394+ 475E              ;CH_DIRTY_BUFFER:
 395+ 475E              ;    ld a, CH_CMD_DIRTY_BUFFER
 396+ 475E              ;    out (CH_COMMAND_PORT), a
 397+ 475E              ;    ret
 398+ 475E
 399+ 475E              ; --------------------------------------
 400+ 475E              ; CH_SEARCH_OPEN
 401+ 475E              ;
 402+ 475E              ; Input: none, opens the wildcard-search previously set
 403+ 475E              ; Output: Cy = 1 on error
 404+ 475E              ;CH_SEARCH_OPEN:
 405+ 475E              ;    ld a, CH_CMD_OPEN_FILE
 406+ 475E              ;    out (CH_COMMAND_PORT), a
 407+ 475E              ;    call CH_WAIT_INT_AND_GET_RESULT
 408+ 475E              ;    cp CH_USB_INT_DISK_READ ; search succesfull, at least 1 result
 409+ 475E              ;    scf ; error flag
 410+ 475E              ;    ret nz
 411+ 475E              ;    or a ; clear error flag
 412+ 475E              ;    ret
 413+ 475E              ; --------------------------------------
 414+ 475E              ; CH_SEARCH_NEXT
 415+ 475E              ;
 416+ 475E              ; Input: none, iterates the search previously set
 417+ 475E              ; Output: Cy = 1 on error
 418+ 475E              ;CH_SEARCH_NEXT:
 419+ 475E              ;    ld a, CH_CMD_FILE_ENUM_GO
 420+ 475E              ;    out (CH_COMMAND_PORT), a
 421+ 475E              ;    call CH_WAIT_INT_AND_GET_RESULT
 422+ 475E              ;    cp CH_USB_INT_DISK_READ ; search succesfull, at least 1 result
 423+ 475E              ;    scf ; error flag
 424+ 475E              ;    ret nz
 425+ 475E              ;    or a ; clear error flag
 426+ 475E              ;    ret
 427+ 475E
 428+ 475E              ; --------------------------------------
 429+ 475E              ; CH_CONNECT_DISK
 430+ 475E              ;
 431+ 475E              ; Input: A = (none)
 432+ 475E              ; Output: Cy = 1 on error
 433+ 475E              ;CH_CONNECT_DISK:
 434+ 475E              ;    ld a, CH_CMD_DISK_CONNECT
 435+ 475E              ;    out (CH_COMMAND_PORT), a
 436+ 475E              ;    call CH_WAIT_INT_AND_GET_RESULT
 437+ 475E              ;    cp CH_USB_INT_SUCCESS
 438+ 475E              ;    scf ; error flag
 439+ 475E              ;    ret nz
 440+ 475E              ;    or a ; clear error flag
 441+ 475E              ;    ret
 442+ 475E
 443+ 475E              ; --------------------------------------
 444+ 475E              ; CH_MOUNT_DISK
 445+ 475E              ;
 446+ 475E              ; Input: A = (none)
 447+ 475E              ; Output: Cy = 1 on error
 448+ 475E              ;CH_MOUNT_DISK:
 449+ 475E              ;    ld a, CH_CMD_DISK_MOUNT
 450+ 475E              ;    out (CH_COMMAND_PORT), a
 451+ 475E              ;    call CH_WAIT_INT_AND_GET_RESULT
 452+ 475E              ;    cp CH_USB_INT_SUCCESS
 453+ 475E              ;    scf ; error flag
 454+ 475E              ;    ret nz
 455+ 475E              ;    or a ; clear error flag
 456+ 475E              ;    ret
 457+ 475E
 458+ 475E                  MACRO SPIWAIT
 459+ 475E ~                IFNDEF __NOWAIT
 460+ 475E ~                    push af
 461+ 475E ~            .notready:
 462+ 475E ~                    in a, (CH_STATUS_PORT)
 463+ 475E ~                    and 01h
 464+ 475E ~                    jr z,.notready
 465+ 475E ~                    pop af
 466+ 475E ~                ENDIF
 467+ 475E                  ENDM
 468+ 475E
 469+ 475E                  MACRO CH_SEND_COMMAND
 470+ 475E ~                IFNDEF __MISTERSPI
 471+ 475E ~                    out (CH_COMMAND_PORT), a
 472+ 475E ~                ELSE
 473+ 475E ~                    SPIWAIT
 474+ 475E ~                    out (CH_COMMAND_PORT), a
 475+ 475E ~                ENDIF
 476+ 475E                  ENDM
 477+ 475E
 478+ 475E                  MACRO CH_RECEIVE_STATUS
 479+ 475E ~                IFNDEF __MISTERSPI
 480+ 475E ~                    in a,(CH_COMMAND_PORT)
 481+ 475E ~                ELSE
 482+ 475E ~                    in a,(CH_COMMAND_PORT)
 483+ 475E ~                ENDIF
 484+ 475E                  ENDM
 485+ 475E
 486+ 475E                  MACRO CH_END_COMMAND
 487+ 475E ~                IFDEF __MISTERSPI
 488+ 475E ~                    SPIWAIT
 489+ 475E ~                    push af
 490+ 475E ~                    xor a
 491+ 475E ~                    out (CH_COMMAND_PORT),a
 492+ 475E ~                    pop af
 493+ 475E ~                ENDIF
 494+ 475E                  ENDM
 495+ 475E
 496+ 475E                  MACRO CH_SEND_DATA
 497+ 475E ~                IFNDEF __MISTERSPI
 498+ 475E ~                    out (CH_DATA_PORT), a
 499+ 475E ~                ELSE
 500+ 475E ~                    SPIWAIT
 501+ 475E ~                    out (CH_DATA_PORT), a
 502+ 475E ~                ENDIF
 503+ 475E                  ENDM
 504+ 475E
 505+ 475E                  MACRO CH_SEND_DATA_MULTIPLE
 506+ 475E ~                IFNDEF __MISTERSPI
 507+ 475E ~                    otir
 508+ 475E ~                ELSE
 509+ 475E ~            .again:
 510+ 475E ~                    SPIWAIT
 511+ 475E ~                    ld a,(hl)
 512+ 475E ~                    out (CH_DATA_PORT), a
 513+ 475E ~                    inc hl
 514+ 475E ~                    djnz .again
 515+ 475E ~                ENDIF
 516+ 475E                  ENDM
 517+ 475E
 518+ 475E                  MACRO CH_RECEIVE_DATA
 519+ 475E ~                IFNDEF __MISTERSPI
 520+ 475E ~                    in a,(CH_DATA_PORT)
 521+ 475E ~                ELSE
 522+ 475E ~                    SPIWAIT
 523+ 475E ~                    xor a
 524+ 475E ~                    out (CH_DATA_PORT), a
 525+ 475E ~                    SPIWAIT
 526+ 475E ~                    in a,(CH_DATA_PORT)
 527+ 475E ~                ENDIF
 528+ 475E                  ENDM
 529+ 475E
 530+ 475E                  MACRO CH_RECEIVE_DATA_MULTIPLE
 531+ 475E ~                IFNDEF __MISTERSPI
 532+ 475E ~                    inir
 533+ 475E ~                ELSE
 534+ 475E ~            .again:
 535+ 475E ~                    CH_RECEIVE_DATA
 536+ 475E ~                    ld (hl),a
 537+ 475E ~                    inc hl
 538+ 475E ~                    djnz .again
 539+ 475E ~                ENDIF
 540+ 475E                  ENDM
 541+ 475E
 542+ 475E              ; --------------------------------------
 543+ 475E              ; CH_RESET
 544+ 475E              ;
 545+ 475E              ; Input: none
 546+ 475E              ; Output: none
 547+ 475E              CH_RESET:
 548+ 475E 3E 05            ld a, CH_CMD_RESET_ALL
 549+ 4760                  CH_SEND_COMMAND
 549+ 4760             >    IFNDEF __MISTERSPI
 549+ 4760 D3 11       >        out (CH_COMMAND_PORT), a
 549+ 4762             >    ELSE
 549+ 4762 ~           >        SPIWAIT
 549+ 4762 ~           >        out (CH_COMMAND_PORT), a
 549+ 4762             >    ENDIF
 550+ 4762                  CH_END_COMMAND
 550+ 4762             >    IFDEF __MISTERSPI
 550+ 4762 ~           >        SPIWAIT
 550+ 4762 ~           >        push af
 550+ 4762 ~           >        xor a
 550+ 4762 ~           >        out (CH_COMMAND_PORT),a
 550+ 4762 ~           >        pop af
 550+ 4762             >    ENDIF
 551+ 4762 C9               ret
 552+ 4763
 553+ 4763              ; --------------------------------------
 554+ 4763              ; CH_IC_VERSION
 555+ 4763              ;
 556+ 4763              ; Input: none
 557+ 4763              ; Output: A - version of CH376s IC/firmware
 558+ 4763              CH_IC_VERSION
 559+ 4763                  ; check IC version
 560+ 4763 3E 01            ld a, CH_CMD_GET_IC_VER
 561+ 4765                  CH_SEND_COMMAND
 561+ 4765             >    IFNDEF __MISTERSPI
 561+ 4765 D3 11       >        out (CH_COMMAND_PORT), a
 561+ 4767             >    ELSE
 561+ 4767 ~           >        SPIWAIT
 561+ 4767 ~           >        out (CH_COMMAND_PORT), a
 561+ 4767             >    ENDIF
 562+ 4767                  CH_RECEIVE_DATA
 562+ 4767             >    IFNDEF __MISTERSPI
 562+ 4767 DB 10       >        in a,(CH_DATA_PORT)
 562+ 4769             >    ELSE
 562+ 4769 ~           >        SPIWAIT
 562+ 4769 ~           >        xor a
 562+ 4769 ~           >        out (CH_DATA_PORT), a
 562+ 4769 ~           >        SPIWAIT
 562+ 4769 ~           >        in a,(CH_DATA_PORT)
 562+ 4769             >    ENDIF
 563+ 4769                  CH_END_COMMAND
 563+ 4769             >    IFDEF __MISTERSPI
 563+ 4769 ~           >        SPIWAIT
 563+ 4769 ~           >        push af
 563+ 4769 ~           >        xor a
 563+ 4769 ~           >        out (CH_COMMAND_PORT),a
 563+ 4769 ~           >        pop af
 563+ 4769             >    ENDIF
 564+ 4769 E6 1F            and 1fh
 565+ 476B C9               ret
 566+ 476C
 567+ 476C              ; --------------------------------------
 568+ 476C              ; CH_SET_SD0_INT
 569+ 476C              ;
 570+ 476C              ; Input: none
 571+ 476C              ; Output: none
 572+ 476C              CH_SET_SD0_INT:
 573+ 476C 3E 0B            ld a, CH_CMD_SET_SD0_INT
 574+ 476E                  CH_SEND_COMMAND
 574+ 476E             >    IFNDEF __MISTERSPI
 574+ 476E D3 11       >        out (CH_COMMAND_PORT), a
 574+ 4770             >    ELSE
 574+ 4770 ~           >        SPIWAIT
 574+ 4770 ~           >        out (CH_COMMAND_PORT), a
 574+ 4770             >    ENDIF
 575+ 4770 3E 16            ld a, 0x16
 576+ 4772                  CH_SEND_DATA
 576+ 4772             >    IFNDEF __MISTERSPI
 576+ 4772 D3 10       >        out (CH_DATA_PORT), a
 576+ 4774             >    ELSE
 576+ 4774 ~           >        SPIWAIT
 576+ 4774 ~           >        out (CH_DATA_PORT), a
 576+ 4774             >    ENDIF
 577+ 4774 3E 90            ld a, 0x90
 578+ 4776                  CH_SEND_DATA
 578+ 4776             >    IFNDEF __MISTERSPI
 578+ 4776 D3 10       >        out (CH_DATA_PORT), a
 578+ 4778             >    ELSE
 578+ 4778 ~           >        SPIWAIT
 578+ 4778 ~           >        out (CH_DATA_PORT), a
 578+ 4778             >    ENDIF
 579+ 4778                  CH_END_COMMAND
 579+ 4778             >    IFDEF __MISTERSPI
 579+ 4778 ~           >        SPIWAIT
 579+ 4778 ~           >        push af
 579+ 4778 ~           >        xor a
 579+ 4778 ~           >        out (CH_COMMAND_PORT),a
 579+ 4778 ~           >        pop af
 579+ 4778             >    ENDIF
 580+ 4778 C9               ret
 581+ 4779
 582+ 4779              ; --------------------------------------
 583+ 4779              ; CH_TEST_CONNECT
 584+ 4779              ;
 585+ 4779              ; Input: none
 586+ 4779              ; Output: A contains USB_INT_CONNECT, USB_INT_DISCONNECT, USB_INT_USB_READY
 587+ 4779              CH_TEST_CONNECT:
 588+ 4779 3E 16            ld a,CH_CMD_TEST_CONNECT
 589+ 477B                  CH_SEND_COMMAND
 589+ 477B             >    IFNDEF __MISTERSPI
 589+ 477B D3 11       >        out (CH_COMMAND_PORT), a
 589+ 477D             >    ELSE
 589+ 477D ~           >        SPIWAIT
 589+ 477D ~           >        out (CH_COMMAND_PORT), a
 589+ 477D             >    ENDIF
 590+ 477D              _CH_WAIT_TEST_CONNECT:
 591+ 477D                  CH_RECEIVE_DATA
 591+ 477D             >    IFNDEF __MISTERSPI
 591+ 477D DB 10       >        in a,(CH_DATA_PORT)
 591+ 477F             >    ELSE
 591+ 477F ~           >        SPIWAIT
 591+ 477F ~           >        xor a
 591+ 477F ~           >        out (CH_DATA_PORT), a
 591+ 477F ~           >        SPIWAIT
 591+ 477F ~           >        in a,(CH_DATA_PORT)
 591+ 477F             >    ENDIF
 592+ 477F B7               or a
 593+ 4780 28 FB            jr z,_CH_WAIT_TEST_CONNECT
 594+ 4782                  CH_END_COMMAND
 594+ 4782             >    IFDEF __MISTERSPI
 594+ 4782 ~           >        SPIWAIT
 594+ 4782 ~           >        push af
 594+ 4782 ~           >        xor a
 594+ 4782 ~           >        out (CH_COMMAND_PORT),a
 594+ 4782 ~           >        pop af
 594+ 4782             >    ENDIF
 595+ 4782 C9               ret
 596+ 4783
 597+ 4783              ; --------------------------------------
 598+ 4783              ; CH_CHECK_INT_IS_ACTIVE
 599+ 4783              ;
 600+ 4783              ; Check the status of the INT pin of the CH376
 601+ 4783              ; Input: none
 602+ 4783              ; Output: Z if active, NZ if not active
 603+ 4783
 604+ 4783              CH_CHECK_INT_IS_ACTIVE:
 605+ 4783                  CH_RECEIVE_STATUS
 605+ 4783             >    IFNDEF __MISTERSPI
 605+ 4783 DB 11       >        in a,(CH_COMMAND_PORT)
 605+ 4785             >    ELSE
 605+ 4785 ~           >        in a,(CH_COMMAND_PORT)
 605+ 4785             >    ENDIF
 606+ 4785 E6 80            and 80h
 607+ 4787 C9               ret
 608+ 4788
 609+ 4788              ; -----------------------------------------------------------------------------
 610+ 4788              ; HW_TEST: Check if the USB host controller hardware is operational
 611+ 4788              ; -----------------------------------------------------------------------------
 612+ 4788              ; Output: Cy = 0 if hardware is operational, 1 if it's not
 613+ 4788
 614+ 4788              CH_HW_TEST:
 615+ 4788 3E 34            ld a,34h
 616+ 478A CD 98 47         call _HW_TEST_DO
 617+ 478D 37               scf
 618+ 478E C0               ret nz
 619+ 478F 3E 89            ld a,89h
 620+ 4791 CD 98 47         call _HW_TEST_DO
 621+ 4794 37               scf
 622+ 4795 C0               ret nz
 623+ 4796 B7               or a
 624+ 4797 C9               ret
 625+ 4798
 626+ 4798              _HW_TEST_DO:
 627+ 4798 47               ld b,a
 628+ 4799 3E 06            ld a,CH_CMD_CHECK_EXIST
 629+ 479B                  CH_SEND_COMMAND
 629+ 479B             >    IFNDEF __MISTERSPI
 629+ 479B D3 11       >        out (CH_COMMAND_PORT), a
 629+ 479D             >    ELSE
 629+ 479D ~           >        SPIWAIT
 629+ 479D ~           >        out (CH_COMMAND_PORT), a
 629+ 479D             >    ENDIF
 630+ 479D 78               ld a,b
 631+ 479E EE FF            xor 0FFh
 632+ 47A0                  CH_SEND_DATA
 632+ 47A0             >    IFNDEF __MISTERSPI
 632+ 47A0 D3 10       >        out (CH_DATA_PORT), a
 632+ 47A2             >    ELSE
 632+ 47A2 ~           >        SPIWAIT
 632+ 47A2 ~           >        out (CH_DATA_PORT), a
 632+ 47A2             >    ENDIF
 633+ 47A2                  CH_RECEIVE_DATA
 633+ 47A2             >    IFNDEF __MISTERSPI
 633+ 47A2 DB 10       >        in a,(CH_DATA_PORT)
 633+ 47A4             >    ELSE
 633+ 47A4 ~           >        SPIWAIT
 633+ 47A4 ~           >        xor a
 633+ 47A4 ~           >        out (CH_DATA_PORT), a
 633+ 47A4 ~           >        SPIWAIT
 633+ 47A4 ~           >        in a,(CH_DATA_PORT)
 633+ 47A4             >    ENDIF
 634+ 47A4 B8               cp b
 635+ 47A5                  CH_END_COMMAND
 635+ 47A5             >    IFDEF __MISTERSPI
 635+ 47A5 ~           >        SPIWAIT
 635+ 47A5 ~           >        push af
 635+ 47A5 ~           >        xor a
 635+ 47A5 ~           >        out (CH_COMMAND_PORT),a
 635+ 47A5 ~           >        pop af
 635+ 47A5             >    ENDIF
 636+ 47A5 C9               ret
 637+ 47A6
 638+ 47A6
 639+ 47A6              ; --------------------------------------
 640+ 47A6              ; CH_SET_USB_MODE
 641+ 47A6              ;
 642+ 47A6              ; Input: A = new USB mode:
 643+ 47A6              ;            5: Host, no SOF
 644+ 47A6              ;            6: Host, generate SOF
 645+ 47A6              ;            7: Host, generate SOF + bus reset
 646+ 47A6              ; Output: Cy = 1 on error
 647+ 47A6
 648+ 47A6              CH_SET_USB_MODE:
 649+ 47A6 47               ld b,a
 650+ 47A7 3E 15            ld a,CH_CMD_SET_USB_MODE
 651+ 47A9                  CH_SEND_COMMAND
 651+ 47A9             >    IFNDEF __MISTERSPI
 651+ 47A9 D3 11       >        out (CH_COMMAND_PORT), a
 651+ 47AB             >    ELSE
 651+ 47AB ~           >        SPIWAIT
 651+ 47AB ~           >        out (CH_COMMAND_PORT), a
 651+ 47AB             >    ENDIF
 652+ 47AB 78               ld a,b
 653+ 47AC                  CH_SEND_DATA
 653+ 47AC             >    IFNDEF __MISTERSPI
 653+ 47AC D3 10       >        out (CH_DATA_PORT), a
 653+ 47AE             >    ELSE
 653+ 47AE ~           >        SPIWAIT
 653+ 47AE ~           >        out (CH_DATA_PORT), a
 653+ 47AE             >    ENDIF
 654+ 47AE
 655+ 47AE 06 FF            ld b,255
 656+ 47B0              _CH_WAIT_USB_MODE:
 657+ 47B0                  CH_RECEIVE_DATA
 657+ 47B0             >    IFNDEF __MISTERSPI
 657+ 47B0 DB 10       >        in a,(CH_DATA_PORT)
 657+ 47B2             >    ELSE
 657+ 47B2 ~           >        SPIWAIT
 657+ 47B2 ~           >        xor a
 657+ 47B2 ~           >        out (CH_DATA_PORT), a
 657+ 47B2 ~           >        SPIWAIT
 657+ 47B2 ~           >        in a,(CH_DATA_PORT)
 657+ 47B2             >    ENDIF
 658+ 47B2 FE 51            cp CH_ST_RET_SUCCESS
 659+ 47B4 CA BB 47         jp z,CH_SET_USB_MODE_DONE
 660+ 47B7 10 F7            djnz _CH_WAIT_USB_MODE ; TODO: indefinately?
 661+ 47B9                  CH_END_COMMAND
 661+ 47B9             >    IFDEF __MISTERSPI
 661+ 47B9 ~           >        SPIWAIT
 661+ 47B9 ~           >        push af
 661+ 47B9 ~           >        xor a
 661+ 47B9 ~           >        out (CH_COMMAND_PORT),a
 661+ 47B9 ~           >        pop af
 661+ 47B9             >    ENDIF
 662+ 47B9 37               scf
 663+ 47BA C9               ret
 664+ 47BB              CH_SET_USB_MODE_DONE:
 665+ 47BB                  CH_END_COMMAND
 665+ 47BB             >    IFDEF __MISTERSPI
 665+ 47BB ~           >        SPIWAIT
 665+ 47BB ~           >        push af
 665+ 47BB ~           >        xor a
 665+ 47BB ~           >        out (CH_COMMAND_PORT),a
 665+ 47BB ~           >        pop af
 665+ 47BB             >    ENDIF
 666+ 47BB C9               ret
 667+ 47BC
 668+ 47BC              ; -----------------------------------------------------------------------------
 669+ 47BC              ; HW_CONFIGURE_NAK_RETRY
 670+ 47BC              ; -----------------------------------------------------------------------------
 671+ 47BC              ; Input: Cy = 0 to retry for a limited time when the device returns NAK
 672+ 47BC              ;               (this is the default)
 673+ 47BC              ;             1 to retry indefinitely (or for a long time)
 674+ 47BC              ;               when the device returns NAK
 675+ 47BC
 676+ 47BC              HW_CONFIGURE_NAK_RETRY:
 677+ 47BC 3E 8F            ld a,08Fh
 678+ 47BE 30 02            jr nc,HW_CONFIGURE_NAK_RETRY_2
 679+ 47C0 3E FF            ld a,0FFh
 680+ 47C2              HW_CONFIGURE_NAK_RETRY_2:
 681+ 47C2 F5               push af
 682+ 47C3 3E 0B            ld a,CH_CMD_SET_RETRY
 683+ 47C5                  CH_SEND_COMMAND
 683+ 47C5             >    IFNDEF __MISTERSPI
 683+ 47C5 D3 11       >        out (CH_COMMAND_PORT), a
 683+ 47C7             >    ELSE
 683+ 47C7 ~           >        SPIWAIT
 683+ 47C7 ~           >        out (CH_COMMAND_PORT), a
 683+ 47C7             >    ENDIF
 684+ 47C7 3E 25            ld a,25h    ;Fixed value, required by CH376
 685+ 47C9                  CH_SEND_DATA
 685+ 47C9             >    IFNDEF __MISTERSPI
 685+ 47C9 D3 10       >        out (CH_DATA_PORT), a
 685+ 47CB             >    ELSE
 685+ 47CB ~           >        SPIWAIT
 685+ 47CB ~           >        out (CH_DATA_PORT), a
 685+ 47CB             >    ENDIF
 686+ 47CB                  ;Bits 7 and 6:
 687+ 47CB                  ;  0x: Don't retry NAKs
 688+ 47CB                  ;  10: Retry NAKs indefinitely (default)
 689+ 47CB                  ;  11: Retry NAKs for 3s
 690+ 47CB                  ;Bits 5-0: Number of retries after device timeout
 691+ 47CB                  ;Default after reset and SET_USB_MODE is 8Fh
 692+ 47CB F1               pop af
 693+ 47CC                  CH_SEND_DATA
 693+ 47CC             >    IFNDEF __MISTERSPI
 693+ 47CC D3 10       >        out (CH_DATA_PORT), a
 693+ 47CE             >    ELSE
 693+ 47CE ~           >        SPIWAIT
 693+ 47CE ~           >        out (CH_DATA_PORT), a
 693+ 47CE             >    ENDIF
 694+ 47CE                  CH_END_COMMAND
 694+ 47CE             >    IFDEF __MISTERSPI
 694+ 47CE ~           >        SPIWAIT
 694+ 47CE ~           >        push af
 694+ 47CE ~           >        xor a
 694+ 47CE ~           >        out (CH_COMMAND_PORT),a
 694+ 47CE ~           >        pop af
 694+ 47CE             >    ENDIF
 695+ 47CE C9               ret
 696+ 47CF
 697+ 47CF              ; --------------------------------------
 698+ 47CF              ; CH_WRITE_DATA
 699+ 47CF              ;
 700+ 47CF              ; Write data to the CH data buffer
 701+ 47CF              ;
 702+ 47CF              ; Input:  HL = Source address of the data
 703+ 47CF              ;         B  = Length of the data
 704+ 47CF              ; Output: HL = HL + B
 705+ 47CF              CH_WRITE_DATA:
 706+ 47CF 3E 2C            ld a,CH_CMD_WR_HOST_DATA
 707+ 47D1                  CH_SEND_COMMAND
 707+ 47D1             >    IFNDEF __MISTERSPI
 707+ 47D1 D3 11       >        out (CH_COMMAND_PORT), a
 707+ 47D3             >    ELSE
 707+ 47D3 ~           >        SPIWAIT
 707+ 47D3 ~           >        out (CH_COMMAND_PORT), a
 707+ 47D3             >    ENDIF
 708+ 47D3 78               ld a,b
 709+ 47D4                  CH_SEND_DATA
 709+ 47D4             >    IFNDEF __MISTERSPI
 709+ 47D4 D3 10       >        out (CH_DATA_PORT), a
 709+ 47D6             >    ELSE
 709+ 47D6 ~           >        SPIWAIT
 709+ 47D6 ~           >        out (CH_DATA_PORT), a
 709+ 47D6             >    ENDIF
 710+ 47D6 B7               or a
 711+ 47D7 C8               ret z
 712+ 47D8 0E 10            ld c,CH_DATA_PORT
 713+ 47DA                  CH_SEND_DATA_MULTIPLE
 713+ 47DA             >    IFNDEF __MISTERSPI
 713+ 47DA ED B3       >        otir
 713+ 47DC             >    ELSE
 713+ 47DC ~           >.again:
 713+ 47DC ~           >        SPIWAIT
 713+ 47DC ~           >        ld a,(hl)
 713+ 47DC ~           >        out (CH_DATA_PORT), a
 713+ 47DC ~           >        inc hl
 713+ 47DC ~           >        djnz .again
 713+ 47DC             >    ENDIF
 714+ 47DC                  CH_END_COMMAND
 714+ 47DC             >    IFDEF __MISTERSPI
 714+ 47DC ~           >        SPIWAIT
 714+ 47DC ~           >        push af
 714+ 47DC ~           >        xor a
 714+ 47DC ~           >        out (CH_COMMAND_PORT),a
 714+ 47DC ~           >        pop af
 714+ 47DC             >    ENDIF
 715+ 47DC C9               ret
 716+ 47DD
 717+ 47DD              ; --------------------------------------
 718+ 47DD              ; CH_READ_DATA
 719+ 47DD              ;
 720+ 47DD              ; Read data from the CH data buffer
 721+ 47DD              ;
 722+ 47DD              ; Input:  HL = Destination address for the data
 723+ 47DD              ; Output: C  = Amount of data received (0-64)
 724+ 47DD              ;         HL = HL + C
 725+ 47DD              CH_READ_DATA:
 726+ 47DD 3E 27            ld a,CH_CMD_RD_USB_DATA0
 727+ 47DF                  CH_SEND_COMMAND
 727+ 47DF             >    IFNDEF __MISTERSPI
 727+ 47DF D3 11       >        out (CH_COMMAND_PORT), a
 727+ 47E1             >    ELSE
 727+ 47E1 ~           >        SPIWAIT
 727+ 47E1 ~           >        out (CH_COMMAND_PORT), a
 727+ 47E1             >    ENDIF
 728+ 47E1                  CH_RECEIVE_DATA
 728+ 47E1             >    IFNDEF __MISTERSPI
 728+ 47E1 DB 10       >        in a,(CH_DATA_PORT)
 728+ 47E3             >    ELSE
 728+ 47E3 ~           >        SPIWAIT
 728+ 47E3 ~           >        xor a
 728+ 47E3 ~           >        out (CH_DATA_PORT), a
 728+ 47E3 ~           >        SPIWAIT
 728+ 47E3 ~           >        in a,(CH_DATA_PORT)
 728+ 47E3             >    ENDIF
 729+ 47E3 A7               and a ; not zero?
 730+ 47E4 20 03            jr nz, .CH_READ_DATA_MORE
 731+ 47E6                  CH_END_COMMAND
 731+ 47E6             >    IFDEF __MISTERSPI
 731+ 47E6 ~           >        SPIWAIT
 731+ 47E6 ~           >        push af
 731+ 47E6 ~           >        xor a
 731+ 47E6 ~           >        out (CH_COMMAND_PORT),a
 731+ 47E6 ~           >        pop af
 731+ 47E6             >    ENDIF
 732+ 47E6 0E 00            ld c, 0
 733+ 47E8 C9               ret ;No data to transfer at all
 734+ 47E9              .CH_READ_DATA_MORE:
 735+ 47E9                  ; read data to (HL)
 736+ 47E9 F5               push af
 737+ 47EA 47               ld b,a ; set counter nr bytes to read, first byte
 738+ 47EB 0E 10            ld c,CH_DATA_PORT
 739+ 47ED                  CH_RECEIVE_DATA_MULTIPLE
 739+ 47ED             >    IFNDEF __MISTERSPI
 739+ 47ED ED B2       >        inir
 739+ 47EF             >    ELSE
 739+ 47EF ~           >.again:
 739+ 47EF ~           >        CH_RECEIVE_DATA
 739+ 47EF ~           >        ld (hl),a
 739+ 47EF ~           >        inc hl
 739+ 47EF ~           >        djnz .again
 739+ 47EF             >    ENDIF
 740+ 47EF                  ; prepare to return
 741+ 47EF F1               pop af
 742+ 47F0 4F               ld c,a
 743+ 47F1                  CH_END_COMMAND
 743+ 47F1             >    IFDEF __MISTERSPI
 743+ 47F1 ~           >        SPIWAIT
 743+ 47F1 ~           >        push af
 743+ 47F1 ~           >        xor a
 743+ 47F1 ~           >        out (CH_COMMAND_PORT),a
 743+ 47F1 ~           >        pop af
 743+ 47F1             >    ENDIF
 744+ 47F1 C9               ret
 745+ 47F2
 746+ 47F2              ; --------------------------------------
 747+ 47F2              ; CH_WAIT_INT_AND_GET_RESULT
 748+ 47F2              ;
 749+ 47F2              ; Wait for INT to get active, execute GET_STATUS,
 750+ 47F2              ; and return the matching USB error code
 751+ 47F2              ;
 752+ 47F2              ; Output: A = Result of GET_STATUS (an USB error code)
 753+ 47F2              CH_WAIT_INT_AND_GET_RESULT:
 754+ 47F2                  ;push bc
 755+ 47F2                  ;call PANIC_KEYS_PRESSED
 756+ 47F2                  ;pop bc
 757+ 47F2                  ;ld a,USB_ERR_PANIC_BUTTON_PRESSED
 758+ 47F2                  ;ret z
 759+ 47F2 C5               push bc
 760+ 47F3 06 FF            ld b,255
 761+ 47F5              .CHECK_AGAIN:
 762+ 47F5 CD 83 47         call CH_CHECK_INT_IS_ACTIVE
 763+ 47F8 28 02            jr z, .CHECK_DONE
 764+ 47FA 10 F9            djnz .CHECK_AGAIN    ;TODO: Perhaps add a timeout check here?
 765+ 47FC              .CHECK_DONE:
 766+ 47FC C1               pop bc
 767+ 47FD CD 09 48         call CH_GET_STATUS
 768+ 4800 C9               ret
 769+ 4801
 770+ 4801              ; --------------------------------------
 771+ 4801              ; CH_SET_NOSOF_MODE: Sets USB host mode without SOF
 772+ 4801              ;
 773+ 4801              ; This needs to run when a device disconnection is detected
 774+ 4801              ;
 775+ 4801              ; Output: A  = -1
 776+ 4801              ;         Cy = 1 on error
 777+ 4801
 778+ 4801              CH_DO_SET_NOSOF_MODE:
 779+ 4801 3E 05            ld a,5
 780+ 4803 CD A6 47         call CH_SET_USB_MODE
 781+ 4806
 782+ 4806 3E FF            ld a,-1
 783+ 4808 C9               ret
 784+ 4809
 785+ 4809              ; --------------------------------------
 786+ 4809
 787+ 4809
 788+ 4809              ; CH_GET_STATUS
 789+ 4809              ;
 790+ 4809              ; Output: A = Status code
 791+ 4809              CH_GET_STATUS:
 792+ 4809 3E 22            ld a,CH_CMD_GET_STATUS
 793+ 480B                  CH_SEND_COMMAND
 793+ 480B             >    IFNDEF __MISTERSPI
 793+ 480B D3 11       >        out (CH_COMMAND_PORT), a
 793+ 480D             >    ELSE
 793+ 480D ~           >        SPIWAIT
 793+ 480D ~           >        out (CH_COMMAND_PORT), a
 793+ 480D             >    ENDIF
 794+ 480D                  CH_RECEIVE_DATA
 794+ 480D             >    IFNDEF __MISTERSPI
 794+ 480D DB 10       >        in a,(CH_DATA_PORT)
 794+ 480F             >    ELSE
 794+ 480F ~           >        SPIWAIT
 794+ 480F ~           >        xor a
 794+ 480F ~           >        out (CH_DATA_PORT), a
 794+ 480F ~           >        SPIWAIT
 794+ 480F ~           >        in a,(CH_DATA_PORT)
 794+ 480F             >    ENDIF
 795+ 480F                  CH_END_COMMAND
 795+ 480F             >    IFDEF __MISTERSPI
 795+ 480F ~           >        SPIWAIT
 795+ 480F ~           >        push af
 795+ 480F ~           >        xor a
 795+ 480F ~           >        out (CH_COMMAND_PORT),a
 795+ 480F ~           >        pop af
 795+ 480F             >    ENDIF
 796+ 480F C9               ret
 797+ 4810
 798+ 4810              ; -----------------------------------------------------------------------------
 799+ 4810              ; SNSMAT: Print a string describing an USB error code
 800+ 4810              ; -----------------------------------------------------------------------------
 801+ 4810              PANIC_KEYS_PRESSED:
 802+ 4810                  ;Return Z=1 if CAPS+ESC is pressed
 803+ 4810 3E 06            ld a,6
 804+ 4812 CD 21 48         call DO_SNSMAT
 805+ 4815 E6 08            and 1000b
 806+ 4817 47               ld b,a
 807+ 4818 3E 07            ld a,7
 808+ 481A CD 21 48         call DO_SNSMAT
 809+ 481D E6 04            and 100b
 810+ 481F B0               or b
 811+ 4820 C9               ret
 812+ 4821
 813+ 4821              ; -----------------------------------------------------------------------------
 814+ 4821              ; SNSMAT: Read the keyboard matrix
 815+ 4821              ;
 816+ 4821              ; This is the same SNSMAT provided by BIOS, it's copied here to avoid
 817+ 4821              ; having to do an interslot call every time it's used
 818+ 4821              ; -----------------------------------------------------------------------------
 819+ 4821
 820+ 4821              DO_SNSMAT:
 821+ 4821 4F               ld c,a
 822+ 4822 F3               di
 823+ 4823 DB AA            in a,(0AAh)
 824+ 4825 E6 F0            and 0F0h
 825+ 4827 81               add a,c
 826+ 4828 D3 AA            out (0AAh),a
 827+ 482A FB               ei
 828+ 482B DB A9            in a,(0A9h)
 829+ 482D C9               ret
 830+ 482E
 831+ 482E                  ;row 6:  F3     F2       F1  CODE    CAPS  GRAPH  CTRL   SHIFT
 832+ 482E                  ;row 7:  RET    SELECT   BS  STOP    TAB   ESC    F5     F4
 833+ 482E                  ;row 8:	 right  down     up  left    DEL   INS    HOME  SPACE
 834+ 482E
 835+ 482E              ; Generic USB command variables
 836+ 482E              target_device_address EQU 0
 837+ 482E              configuration_id EQU 0
 838+ 482E              string_id EQU 0
 839+ 482E              config_descriptor_size EQU 9
 840+ 482E              alternate_setting EQU 0
 841+ 482E              packet_filter EQU 0
 842+ 482E              control_interface_id EQU 0
 843+ 482E              ; USB HID command variables
 844+ 482E              report_id EQU 0
 845+ 482E              duration EQU 0x80
 846+ 482E              interface_id EQU 0
 847+ 482E              protocol_id EQU 0
 848+ 482E              ; USB HUB command variables
 849+ 482E              hub_descriptor_size EQU 0
 850+ 482E              feature_selector EQU 0
 851+ 482E              port EQU 0
 852+ 482E              value EQU 0
 853+ 482E              ; USB Storage command variables
 854+ 482E              storage_interface_id EQU 0
 855+ 482E
 856+ 482E              ; Generic USB commands
 857+ 482E              USB_DESCRIPTORS_START:
 858+ 482E              ;
 859+ 482E 80 06 00 01  CMD_GET_DEVICE_DESCRIPTOR: DB 0x80,6,0,1,0,0,18,0
 859+ 4832 00 00 12 00
 860+ 4836 00 05 00 00  CMD_SET_ADDRESS: DB 0x00,0x05,target_device_address,0,0,0,0,0
 860+ 483A 00 00 00 00
 861+ 483E 00 09 00 00  CMD_SET_CONFIGURATION: DB 0x00,0x09,configuration_id,0,0,0,0,0
 861+ 4842 00 00 00 00
 862+ 4846 80 06 00 03  CMD_GET_STRING: DB 0x80,6,string_id,3,0,0,255,0
 862+ 484A 00 00 FF 00
 863+ 484E 80 06 00 02  CMD_GET_CONFIG_DESCRIPTOR: DB 0x80,6,configuration_id,2,0,0,config_descriptor_size,0
 863+ 4852 00 00 09 00
 864+ 4856 01 0B 00 00  CMD_SET_INTERFACE: DB 0x01,11,alternate_setting,0,interface_id,0,0,0
 864+ 485A 00 00 00 00
 865+ 485E 21 43 00 00  CMD_SET_PACKET_FILTER: DB 00100001b,0x43,packet_filter,0,control_interface_id,0,0,0
 865+ 4862 00 00 00 00
 866+ 4866              ; USB HID commands
 867+ 4866 21 0A 00 80  CMD_SET_IDLE: DB 0x21,0x0A,report_id,duration,interface_id,0,0,0
 867+ 486A 00 00 00 00
 868+ 486E 21 0B 00 00  CMD_SET_PROTOCOL: DB 0x21,0x0B,protocol_id,0,interface_id,0,0,0
 868+ 4872 00 00 00 00
 869+ 4876 00 00 00...      ds 3*8,0 ; reserved
 870+ 488E              ; USB HUB commands
 871+ 488E A0 06 00 29  CMD_GET_HUB_DESCRIPTOR: DB 10100000b,6,0,029h,0,0,hub_descriptor_size,0
 871+ 4892 00 00 00 00
 872+ 4896 23 03 00 00  CMD_SET_HUB_PORT_FEATURE: DB 00100011b,3,feature_selector,0,port,value,0,0
 872+ 489A 00 00 00 00
 873+ 489E A3 00 00 00  CMD_GET_HUB_PORT_STATUS: DB 10100011b,0,0,0,port,0,4,0
 873+ 48A2 00 00 04 00
 874+ 48A6              ; USB STORAGE commands
 875+ 48A6 A1 FE 00 00  CMD_GET_MAX_LUNS: DB 10100001b,11111110b,0,0,storage_interface_id,0,1,0
 875+ 48AA 00 00 01 00
 876+ 48AE 21 FF 00 00  CMD_MASS_STORAGE_RESET: DB 00100001b,11111111b,0,0,storage_interface_id,0,0,0
 876+ 48B2 00 00 00 00
 877+ 48B6
 878+ 48B6              USB_DESCRIPTORS_END:
 879+ 48B6
 880+ 48B6              ; --------------------------------------
 881+ 48B6              ; CH_SET_TARGET_DEVICE_ADDRESS
 882+ 48B6              ;
 883+ 48B6              ; Set target USB device address for operation
 884+ 48B6              ;
 885+ 48B6              ; Input: A = Device address
 886+ 48B6
 887+ 48B6              CH_SET_TARGET_DEVICE_ADDRESS:
 888+ 48B6 F5               push af
 889+ 48B7 3E 13            ld a,CH_CMD_SET_USB_ADDR
 890+ 48B9                  CH_SEND_COMMAND
 890+ 48B9             >    IFNDEF __MISTERSPI
 890+ 48B9 D3 11       >        out (CH_COMMAND_PORT), a
 890+ 48BB             >    ELSE
 890+ 48BB ~           >        SPIWAIT
 890+ 48BB ~           >        out (CH_COMMAND_PORT), a
 890+ 48BB             >    ENDIF
 891+ 48BB F1               pop af
 892+ 48BC                  CH_SEND_DATA
 892+ 48BC             >    IFNDEF __MISTERSPI
 892+ 48BC D3 10       >        out (CH_DATA_PORT), a
 892+ 48BE             >    ELSE
 892+ 48BE ~           >        SPIWAIT
 892+ 48BE ~           >        out (CH_DATA_PORT), a
 892+ 48BE             >    ENDIF
 893+ 48BE                  CH_END_COMMAND
 893+ 48BE             >    IFDEF __MISTERSPI
 893+ 48BE ~           >        SPIWAIT
 893+ 48BE ~           >        push af
 893+ 48BE ~           >        xor a
 893+ 48BE ~           >        out (CH_COMMAND_PORT),a
 893+ 48BE ~           >        pop af
 893+ 48BE             >    ENDIF
 894+ 48BE C9               ret
 895+ 48BF
 896+ 48BF              ; --------------------------------------
 897+ 48BF              ; CH_ISSUE_TOKEN
 898+ 48BF              ;
 899+ 48BF              ; Send a token to the current target USB device
 900+ 48BF              ;
 901+ 48BF              ; Input: E = Endpoint number
 902+ 48BF              ;        B = PID, one of CH_PID_*
 903+ 48BF              ;        A = Toggle bit in bit 7 (for IN transfer)
 904+ 48BF              ;            Toggle bit in bit 6 (for OUT transfer)
 905+ 48BF
 906+ 48BF              CH_ISSUE_TOKEN:
 907+ 48BF 57               ld d,a
 908+ 48C0 3E 4E            ld a,CH_CMD_ISSUE_TKN_X
 909+ 48C2                  CH_SEND_COMMAND
 909+ 48C2             >    IFNDEF __MISTERSPI
 909+ 48C2 D3 11       >        out (CH_COMMAND_PORT), a
 909+ 48C4             >    ELSE
 909+ 48C4 ~           >        SPIWAIT
 909+ 48C4 ~           >        out (CH_COMMAND_PORT), a
 909+ 48C4             >    ENDIF
 910+ 48C4 7A               ld a,d
 911+ 48C5                  CH_SEND_DATA    ;Toggles
 911+ 48C5             >    IFNDEF __MISTERSPI
 911+ 48C5 D3 10       >        out (CH_DATA_PORT), a
 911+ 48C7             >    ELSE
 911+ 48C7 ~           >        SPIWAIT
 911+ 48C7 ~           >        out (CH_DATA_PORT), a
 911+ 48C7             >    ENDIF
 912+ 48C7 7B               ld a,e
 913+ 48C8 17               rla
 914+ 48C9 17               rla
 915+ 48CA 17               rla
 916+ 48CB 17               rla
 917+ 48CC E6 F0            and 0F0h
 918+ 48CE B0               or b
 919+ 48CF                  CH_SEND_DATA    ;Endpoint | PID
 919+ 48CF             >    IFNDEF __MISTERSPI
 919+ 48CF D3 10       >        out (CH_DATA_PORT), a
 919+ 48D1             >    ELSE
 919+ 48D1 ~           >        SPIWAIT
 919+ 48D1 ~           >        out (CH_DATA_PORT), a
 919+ 48D1             >    ENDIF
 920+ 48D1                  CH_END_COMMAND
 920+ 48D1             >    IFDEF __MISTERSPI
 920+ 48D1 ~           >        SPIWAIT
 920+ 48D1 ~           >        push af
 920+ 48D1 ~           >        xor a
 920+ 48D1 ~           >        out (CH_COMMAND_PORT),a
 920+ 48D1 ~           >        pop af
 920+ 48D1             >    ENDIF
 921+ 48D1 C9               ret
 922+ 48D2
 923+ 48D2              ; -----------------------------------------------------------------------------
 924+ 48D2              ; HW_DATA_IN_TRANSFER: Perform a USB data IN transfer
 925+ 48D2              ; -----------------------------------------------------------------------------
 926+ 48D2              ; Input:  HL = Address of a buffer for the received data
 927+ 48D2              ;         BC = Data length
 928+ 48D2              ;         A  = Device address
 929+ 48D2              ;         D  = Maximum packet size for the endpoint
 930+ 48D2              ;         E  = Endpoint number
 931+ 48D2              ;         Cy = Current state of the toggle bit
 932+ 48D2              ; Output: A  = USB error code or success when all okay
 933+ 48D2              ;         BC = Amount of data actually received (only if no error)
 934+ 48D2              ;         Cy = New state of the toggle bit (even on error)
 935+ 48D2
 936+ 48D2              HW_DATA_IN_TRANSFER:
 937+ 48D2 CD B6 48         call CH_SET_TARGET_DEVICE_ADDRESS
 938+ 48D5
 939+ 48D5              ; This entry point is used when target device address is already set
 940+ 48D5              CH_DATA_IN_TRANSFER:
 941+ 48D5 3E 00            ld a,0  ;No XOR because that would damage flags
 942+ 48D7 1F               rra     ;Toggle to bit 7 of A
 943+ 48D8 DD 21 00 00      ld ix,0 ;IX = Received so far count
 944+ 48DC D5               push de
 945+ 48DD FD E1            pop iy  ;IY = EP max size + EP number
 946+ 48DF
 947+ 48DF              _CH_DATA_IN_LOOP:
 948+ 48DF F5               push af ;Toggle in bit 7
 949+ 48E0 C5               push bc ;Remaining length
 950+ 48E1
 951+ 48E1 FD 5D            ld e,iyl
 952+ 48E3 06 09            ld b,CH_PID_IN
 953+ 48E5 CD BF 48         call CH_ISSUE_TOKEN
 954+ 48E8
 955+ 48E8 CD F2 47         call CH_WAIT_INT_AND_GET_RESULT
 956+ 48EB FE 14            cp CH_USB_INT_SUCCESS
 957+ 48ED 20 27            jr nz,_CH_DATA_IN_ERR   ;DONE if error
 958+ 48EF
 959+ 48EF CD DD 47         call CH_READ_DATA
 960+ 48F2 06 00            ld b,0
 961+ 48F4 DD 09            add ix,bc   ;Update received so far count
 962+ 48F6              _CH_DATA_IN_NO_MORE_DATA:
 963+ 48F6 D1               pop de
 964+ 48F7 F1               pop af
 965+ 48F8 EE 80            xor 80h     ;Update toggle
 966+ 48FA F5               push af
 967+ 48FB D5               push de
 968+ 48FC
 969+ 48FC 79               ld a,c
 970+ 48FD B7               or a
 971+ 48FE 28 12            jr z,_CH_DATA_IN_DONE    ;DONE if no data received
 972+ 4900
 973+ 4900 E3               ex (sp),hl  ;Now HL = Remaining data length
 974+ 4901 B7               or a
 975+ 4902 ED 42            sbc hl,bc   ;Now HL = Updated remaning data length
 976+ 4904 7C               ld a,h
 977+ 4905 B5               or l
 978+ 4906 E3               ex (sp),hl  ;Remaining data length is back on the stack
 979+ 4907 28 09            jr z,_CH_DATA_IN_DONE    ;DONE if no data remaining
 980+ 4909
 981+ 4909 79               ld a,c
 982+ 490A FD BC            cp iyh
 983+ 490C 38 04            jr c,_CH_DATA_IN_DONE    ;DONE if transferred less than the EP size
 984+ 490E
 985+ 490E C1               pop bc
 986+ 490F F1               pop af  ;We need this to pass the next toggle to CH_ISSUE_TOKEN
 987+ 4910
 988+ 4910 18 CD            jr _CH_DATA_IN_LOOP
 989+ 4912
 990+ 4912              ;Input: A=Error code (if ERR), in stack: remaining length, new toggle
 991+ 4912              _CH_DATA_IN_DONE:
 992+ 4912 3E 14            ld a, CH_USB_INT_SUCCESS
 993+ 4914 18 00            jr _CH_DATA_IN_NEXT
 994+ 4916              _CH_DATA_IN_ERR:
 995+ 4916
 996+ 4916              _CH_DATA_IN_NEXT:
 997+ 4916 57               ld d,a
 998+ 4917 C1               pop bc
 999+ 4918 F1               pop af
1000+ 4919 17               rla ;Toggle back to Cy
1001+ 491A 7A               ld a,d
1002+ 491B DD E5            push ix
1003+ 491D C1               pop bc
1004+ 491E C9               ret
1005+ 491F
1006+ 491F              ; -----------------------------------------------------------------------------
1007+ 491F              ; HW_DATA_OUT_TRANSFER: Perform a USB data OUT transfer
1008+ 491F              ; -----------------------------------------------------------------------------
1009+ 491F              ; Input:  HL = Address of a buffer for the data to be sent
1010+ 491F              ;         BC = Data length
1011+ 491F              ;         A  = Device address
1012+ 491F              ;         D  = Maximum packet size for the endpoint
1013+ 491F              ;         E  = Endpoint number
1014+ 491F              ;         Cy = Current state of the toggle bit
1015+ 491F              ; Output: A contains 00h when okay or CH376 error code
1016+ 491F              ;         Cy = New state of the toggle bit (even on error)
1017+ 491F
1018+ 491F              HW_DATA_OUT_TRANSFER:
1019+ 491F CD B6 48         call CH_SET_TARGET_DEVICE_ADDRESS
1020+ 4922
1021+ 4922              ; This entry point is used when target device address is already set
1022+ 4922              CH_DATA_OUT_TRANSFER:
1023+ 4922 F5               push af
1024+ 4923 78               ld a, b
1025+ 4924 B1               or c
1026+ 4925 20 03            jr nz, CH_DATA_OUT_TRANSFER_CHECK_FINISHED
1027+ 4927 F1               pop af
1028+ 4928 AF               xor a
1029+ 4929 C9               ret
1030+ 492A              CH_DATA_OUT_TRANSFER_CHECK_FINISHED:
1031+ 492A F1               pop af
1032+ 492B
1033+ 492B 3E 00            ld a,0  ;No XOR because that would damage flags
1034+ 492D 1F               rra     ;Toggle to bit 6 of A
1035+ 492E 1F               rra
1036+ 492F D5               push de
1037+ 4930 FD E1            pop iy  ;IY = EP size + EP number
1038+ 4932
1039+ 4932              _CH_DATA_OUT_LOOP:
1040+ 4932 F5               push af ;Toggle in bit 6
1041+ 4933 C5               push bc ;Remaining length
1042+ 4934
1043+ 4934 78               ld a,b
1044+ 4935 B7               or a
1045+ 4936 FD 7C            ld a,iyh
1046+ 4938 20 07            jr nz,_CH_DATA_OUT_DO
1047+ 493A 79               ld a,c
1048+ 493B FD BC            cp iyh
1049+ 493D 38 02            jr c,_CH_DATA_OUT_DO
1050+ 493F FD 7C            ld a,iyh
1051+ 4941
1052+ 4941              _CH_DATA_OUT_DO:
1053+ 4941                  ;Here, A = Length of the next transfer: min(remaining length, EP size)
1054+ 4941
1055+ 4941 E3               ex (sp),hl
1056+ 4942 5F               ld e,a
1057+ 4943 16 00            ld d,0
1058+ 4945 B7               or a
1059+ 4946 ED 52            sbc hl,de
1060+ 4948 E3               ex (sp),hl     ;Updated remaining data length to the stack
1061+ 4949
1062+ 4949 47               ld b,a
1063+ 494A CD CF 47         call CH_WRITE_DATA
1064+ 494D
1065+ 494D C1               pop bc
1066+ 494E F1               pop af  ;Retrieve toggle
1067+ 494F F5               push af
1068+ 4950 C5               push bc
1069+ 4951
1070+ 4951 FD 5D            ld e,iyl
1071+ 4953 06 01            ld b,CH_PID_OUT
1072+ 4955 CD BF 48         call CH_ISSUE_TOKEN
1073+ 4958
1074+ 4958 CD F2 47         call CH_WAIT_INT_AND_GET_RESULT
1075+ 495B FE 14            cp CH_USB_INT_SUCCESS
1076+ 495D 20 0C            jr nz,_CH_DATA_OUT_ERROR   ;DONE if error
1077+ 495F
1078+ 495F C1               pop bc
1079+ 4960 F1               pop af
1080+ 4961 EE 40            xor 40h     ;Update toggle
1081+ 4963 F5               push af
1082+ 4964
1083+ 4964 78               ld a,b
1084+ 4965 B1               or c
1085+ 4966 28 04            jr z,_CH_DATA_OUT_DONE  ;DONE if no more data to transfer
1086+ 4968
1087+ 4968 F1               pop af  ;We need this to pass the next toggle to CH_ISSUE_TOKEN
1088+ 4969
1089+ 4969 18 C7            jr _CH_DATA_OUT_LOOP
1090+ 496B
1091+ 496B              ;Input: A=Error code, in stack: remaining length, new toggle
1092+ 496B              _CH_DATA_OUT_ERROR:
1093+ 496B C1               pop bc
1094+ 496C              _CH_DATA_OUT_DONE:
1095+ 496C 57               ld d,a
1096+ 496D F1               pop af
1097+ 496E 17               rla ;Toggle back to Cy
1098+ 496F 17               rla
1099+ 4970 7A               ld a,d ; A contains zero when okay or CH376 error code
1100+ 4971 C9               ret
1101+ 4972
1102+ 4972              ; -----------------------------------------------------------------------------
1103+ 4972              ; HW_CONTROL_TRANSFER: Perform a USB control transfer on endpoint 0
1104+ 4972              ;
1105+ 4972              ; The size and direction of the transfer are taken from the contents
1106+ 4972              ; of the setup packet.
1107+ 4972              ; -----------------------------------------------------------------------------
1108+ 4972              ; Input:  HL = Address of a 8 byte buffer with the setup packet
1109+ 4972              ;         DE = Address of the input or output data buffer
1110+ 4972              ;         A  = Device address
1111+ 4972              ;         B  = Maximum packet size for endpoint 0
1112+ 4972              ; Output: A  = USB error code
1113+ 4972              ;         BC = Amount of data actually transferred (if IN transfer and no error)
1114+ 4972
1115+ 4972              HW_CONTROL_TRANSFER:
1116+ 4972 CD B6 48         call CH_SET_TARGET_DEVICE_ADDRESS
1117+ 4975
1118+ 4975 F5               push af
1119+ 4976 E5               push hl
1120+ 4977 C5               push bc
1121+ 4978 D5               push de
1122+ 4979
1123+ 4979                  ; SETUP STAGE
1124+ 4979                  ; -----------
1125+ 4979 06 08            ld b,8
1126+ 497B CD CF 47         call CH_WRITE_DATA  ;Write SETUP data packet
1127+ 497E
1128+ 497E AF               xor a    ;Toggle bit = 0
1129+ 497F 1E 00            ld e,0
1130+ 4981 06 0D            ld b,CH_PID_SETUP
1131+ 4983 CD BF 48         call CH_ISSUE_TOKEN
1132+ 4986
1133+ 4986 CD F2 47         call CH_WAIT_INT_AND_GET_RESULT
1134+ 4989 FE 14            cp CH_USB_INT_SUCCESS
1135+ 498B C2 1D 4A         jp nz, _HW_CONTROL_TRANSFER_ERROR
1136+ 498E
1137+ 498E E1               pop hl  ;HL = Data address (was DE)
1138+ 498F D1               pop de  ;D  = Endpoint size (was B)
1139+ 4990 DD E1            pop ix  ;IX = Address of setup packet (was HL)
1140+ 4992 F1               pop af  ;A  = Device address
1141+ 4993 DD 4E 06         ld c,(ix+6)
1142+ 4996 DD 46 07         ld b,(ix+7) ;BC = Data length
1143+ 4999 1E 00            ld e,0      ;E  = Endpoint number
1144+ 499B 37               scf         ;Use toggle = 1
1145+ 499C F5               push af ; device address
1146+ 499D D5               push de ; endpoint size in D
1147+ 499E E5               push hl ; data address
1148+ 499F DD E5            push ix ; packet address
1149+ 49A1
1150+ 49A1                  ; check if IN or OUT transaction
1151+ 49A1 DD CB 00 7E      bit 7,(ix)
1152+ 49A5 20 02            jr nz,_CH_CONTROL_DATA_IN_TRANSFER
1153+ 49A7 18 09            jr CH_CONTROL_DATA_OUT_TRANSFER
1154+ 49A9
1155+ 49A9                  ; DATA IN STAGE
1156+ 49A9                  ; -------------
1157+ 49A9              _CH_CONTROL_DATA_IN_TRANSFER:
1158+ 49A9 CD D5 48         call CH_DATA_IN_TRANSFER
1159+ 49AC FE 14            cp CH_USB_INT_SUCCESS
1160+ 49AE 28 34            jr z,_CH_CONTROL_STATUS_TRANSFER
1161+ 49B0 18 06            jr _CH_CONTROL_HANDLE_ERROR
1162+ 49B2
1163+ 49B2                  ; DATA OUT STAGE
1164+ 49B2                  ; -------------
1165+ 49B2              CH_CONTROL_DATA_OUT_TRANSFER:
1166+ 49B2 CD 22 49         call CH_DATA_OUT_TRANSFER
1167+ 49B5                  ; check return code of OUT transfer
1168+ 49B5 A7               and a
1169+ 49B6 28 2C            jr z,_CH_CONTROL_STATUS_TRANSFER
1170+ 49B8
1171+ 49B8              _CH_CONTROL_HANDLE_ERROR:
1172+ 49B8 E6 2F            and 0x2f
1173+ 49BA FE 2E            cp 0x2e ; STALL
1174+ 49BC                  ; for now not handling other problems NAK, TIMEOUT, UNEXPECTED
1175+ 49BC                  ; recover stack and quit with error code in A
1176+ 49BC C2 1D 4A         jp nz,_HW_CONTROL_TRANSFER_ERROR ;
1177+ 49BF
1178+ 49BF                  ; restore initial register
1179+ 49BF E1               pop hl ; packet address
1180+ 49C0                  ; clear stall in or out endpoint 0
1181+ 49C0 3E 41            ld a,CH_CMD_CLR_STALL
1182+ 49C2                  CH_SEND_COMMAND
1182+ 49C2             >    IFNDEF __MISTERSPI
1182+ 49C2 D3 11       >        out (CH_COMMAND_PORT), a
1182+ 49C4             >    ELSE
1182+ 49C4 ~           >        SPIWAIT
1182+ 49C4 ~           >        out (CH_COMMAND_PORT), a
1182+ 49C4             >    ENDIF
1183+ 49C4 01 0F 00         ld bc, WAIT_ONE_SECOND/4
1184+ 49C7 CD 5B 4B         call WAIT
1185+ 49CA 7E               ld a,(hl)
1186+ 49CB E6 80            and 0x80
1187+ 49CD                  CH_SEND_DATA
1187+ 49CD             >    IFNDEF __MISTERSPI
1187+ 49CD D3 10       >        out (CH_DATA_PORT), a
1187+ 49CF             >    ELSE
1187+ 49CF ~           >        SPIWAIT
1187+ 49CF ~           >        out (CH_DATA_PORT), a
1187+ 49CF             >    ENDIF
1188+ 49CF                  CH_END_COMMAND
1188+ 49CF             >    IFDEF __MISTERSPI
1188+ 49CF ~           >        SPIWAIT
1188+ 49CF ~           >        push af
1188+ 49CF ~           >        xor a
1188+ 49CF ~           >        out (CH_COMMAND_PORT),a
1188+ 49CF ~           >        pop af
1188+ 49CF             >    ENDIF
1189+ 49CF CD F2 47         call CH_WAIT_INT_AND_GET_RESULT
1190+ 49D2                  ; do not check USB_INT_SUCCESS because it won't after STALL
1191+ 49D2                  ; just try again with the risk of doing this forever
1192+ 49D2 18 0A            jr _RETRY_AGAIN
1193+ 49D4                  ; not interested in preserving original values
1194+ 49D4 DD E1            pop ix
1195+ 49D6 DD E1            pop ix
1196+ 49D8 DD E1            pop ix
1197+ 49DA 01 00 00         ld bc, 0
1198+ 49DD C9               ret
1199+ 49DE              _RETRY_AGAIN:
1200+ 49DE                  ; restore rest of initial registers and try again
1201+ 49DE D1               pop de ; data address
1202+ 49DF C1               pop bc ; endpoint packet size in B
1203+ 49E0 F1               pop af ; device address in A
1204+ 49E1 C3 72 49         jp HW_CONTROL_TRANSFER
1205+ 49E4              _CH_CONTROL_STATUS_TRANSFER:
1206+ 49E4 E1               pop hl ; packet address
1207+ 49E5                  ; not interested in preserving other values
1208+ 49E5 DD E1            pop ix
1209+ 49E7 DD E1            pop ix
1210+ 49E9 DD E1            pop ix
1211+ 49EB                  ; STATUS STAGE
1212+ 49EB                  ; -----------
1213+ 49EB C5               push bc ; preserve amount of bytes read/written
1214+ 49EC 1E 00            ld e,0 ; endpoint 0
1215+ 49EE                  ; check IN/OUT
1216+ 49EE 7E               ld a, (hl)
1217+ 49EF E6 80            and 0x80
1218+ 49F1 28 0A            jr z, _STATUS_OUT
1219+ 49F3 78               ld a, b
1220+ 49F4 B1               or c
1221+ 49F5 28 06            jr z, _STATUS_OUT
1222+ 49F7              _STATUS_IN:
1223+ 49F7 06 01            ld b,CH_PID_OUT
1224+ 49F9 3E 40            ld a,40h
1225+ 49FB 18 04            jr _STATUS_NEXT
1226+ 49FD              _STATUS_OUT:
1227+ 49FD 06 09            ld b,CH_PID_IN
1228+ 49FF 3E 80            ld a,80h
1229+ 4A01              _STATUS_NEXT:
1230+ 4A01 CD BF 48         call CH_ISSUE_TOKEN
1231+ 4A04 CD F2 47         call CH_WAIT_INT_AND_GET_RESULT
1232+ 4A07                  ;cp CH_USB_INT_SUCCESS
1233+ 4A07                  ;jr nz, _STATUS_NEXT_ERROR
1234+ 4A07 7E               ld a, (hl)
1235+ 4A08 E6 80            and 0x80
1236+ 4A0A 20 09            jr nz, _STATUS_NEXT_IN
1237+ 4A0C              _STATUS_NEXT_OUT:
1238+ 4A0C                  ; do an empty read
1239+ 4A0C 3E 27            ld a,CH_CMD_RD_USB_DATA0
1240+ 4A0E                  CH_SEND_COMMAND
1240+ 4A0E             >    IFNDEF __MISTERSPI
1240+ 4A0E D3 11       >        out (CH_COMMAND_PORT), a
1240+ 4A10             >    ELSE
1240+ 4A10 ~           >        SPIWAIT
1240+ 4A10 ~           >        out (CH_COMMAND_PORT), a
1240+ 4A10             >    ENDIF
1241+ 4A10                  CH_RECEIVE_DATA
1241+ 4A10             >    IFNDEF __MISTERSPI
1241+ 4A10 DB 10       >        in a,(CH_DATA_PORT)
1241+ 4A12             >    ELSE
1241+ 4A12 ~           >        SPIWAIT
1241+ 4A12 ~           >        xor a
1241+ 4A12 ~           >        out (CH_DATA_PORT), a
1241+ 4A12 ~           >        SPIWAIT
1241+ 4A12 ~           >        in a,(CH_DATA_PORT)
1241+ 4A12             >    ENDIF
1242+ 4A12                  CH_END_COMMAND
1242+ 4A12             >    IFDEF __MISTERSPI
1242+ 4A12 ~           >        SPIWAIT
1242+ 4A12 ~           >        push af
1242+ 4A12 ~           >        xor a
1242+ 4A12 ~           >        out (CH_COMMAND_PORT),a
1242+ 4A12 ~           >        pop af
1242+ 4A12             >    ENDIF
1243+ 4A12 A7               and a
1244+ 4A13                  ; not empty?
1245+ 4A13 20 04            jr nz, _STATUS_NEXT_ERROR
1246+ 4A15              _STATUS_NEXT_IN:
1247+ 4A15 C1               pop bc
1248+ 4A16 3E 14            ld a, CH_USB_INT_SUCCESS
1249+ 4A18 C9               ret
1250+ 4A19              _STATUS_NEXT_ERROR:
1251+ 4A19 C1               pop bc
1252+ 4A1A 3E 16            ld a, CH_USB_INT_DISCONNECT
1253+ 4A1C C9               ret
1254+ 4A1D              _HW_CONTROL_TRANSFER_ERROR:
1255+ 4A1D DD E1            pop ix
1256+ 4A1F DD E1            pop ix
1257+ 4A21 DD E1            pop ix
1258+ 4A23 DD E1            pop ix
1259+ 4A25 C9               ret
1260+ 4A26
1261+ 4A26              ; --------------------------------------
1262+ 4A26              ; CH_SET_SPEED
1263+ 4A26              ;
1264+ 4A26              ; Input: A=speed value
1265+ 4A26              ; Output: Cy=0 no error, Cy=1 error
1266+ 4A26              CH_SET_SPEED:
1267+ 4A26 C5               push bc
1268+ 4A27 47               ld b,a
1269+ 4A28 3E 04            ld a,CH_CMD_SET_SPEED
1270+ 4A2A                  CH_SEND_COMMAND
1270+ 4A2A             >    IFNDEF __MISTERSPI
1270+ 4A2A D3 11       >        out (CH_COMMAND_PORT), a
1270+ 4A2C             >    ELSE
1270+ 4A2C ~           >        SPIWAIT
1270+ 4A2C ~           >        out (CH_COMMAND_PORT), a
1270+ 4A2C             >    ENDIF
1271+ 4A2C 78               ld a,b
1272+ 4A2D                  CH_SEND_DATA
1272+ 4A2D             >    IFNDEF __MISTERSPI
1272+ 4A2D D3 10       >        out (CH_DATA_PORT), a
1272+ 4A2F             >    ELSE
1272+ 4A2F ~           >        SPIWAIT
1272+ 4A2F ~           >        out (CH_DATA_PORT), a
1272+ 4A2F             >    ENDIF
1273+ 4A2F                  CH_END_COMMAND
1273+ 4A2F             >    IFDEF __MISTERSPI
1273+ 4A2F ~           >        SPIWAIT
1273+ 4A2F ~           >        push af
1273+ 4A2F ~           >        xor a
1273+ 4A2F ~           >        out (CH_COMMAND_PORT),a
1273+ 4A2F ~           >        pop af
1273+ 4A2F             >    ENDIF
1274+ 4A2F B7               or a; clear Cy
1275+ 4A30 C1               pop bc
1276+ 4A31 C9               ret
# file closed: ch376s.asm
 955  4A32              	include "usbhost.asm"
# file opened: usbhost.asm
   1+ 4A32              ;
   2+ 4A32              ; usbhost.ASM - UNAPI compliant MSX USB driver
   3+ 4A32              ; Copyright (c) 2020 Mario Smit (S0urceror)
   4+ 4A32              ;
   5+ 4A32              ; This program is free software: you can redistribute it and/or modify
   6+ 4A32              ; it under the terms of the GNU General Public License as published by
   7+ 4A32              ; the Free Software Foundation, version 3.
   8+ 4A32              ;
   9+ 4A32              ; This program is distributed in the hope that it will be useful, but
  10+ 4A32              ; WITHOUT ANY WARRANTY; without even the implied warranty of
  11+ 4A32              ; MERCHANTABILITY or FITNESS FOR A PARTICULAR PURPOSE. See the GNU
  12+ 4A32              ; General Public License for more details.
  13+ 4A32              ;
  14+ 4A32              ; You should have received a copy of the GNU General Public License
  15+ 4A32              ; along with this program. If not, see <http://www.gnu.org/licenses/>.
  16+ 4A32              ;
  17+ 4A32
  18+ 4A32              ; major and minor version number of MSXUSB UNAPI
  19+ 4A32              UNAPI_P:  equ  0
  20+ 4A32              UNAPI_S:  equ  3
  21+ 4A32              ; S0urceror's CH376s driver, major and minor version
  22+ 4A32              IMPLEMENTATION_P:  equ  0
  23+ 4A32              IMPLEMENTATION_S:  equ  8
  24+ 4A32
  25+ 4A32              NXT_DIRECT EQU 0x0000
  26+ 4A32
  27+ 4A32              ;***********************************
  28+ 4A32              ;***  FUNCTIONS ADDRESSES TABLE  ***
  29+ 4A32              ;***********************************
  30+ 4A32
  31+ 4A32              ;--- Standard routines addresses table
  32+ 4A32              FN_TABLE:
  33+ 4A32 87 4A            dw  FN_INFO
  34+ 4A34 E0 4A            dw  FN_CHECK
  35+ 4A36 92 4A            dw  FN_CONNECT
  36+ 4A38 E3 4A            dw  FN_GETDESCRIPTORS
  37+ 4A3A E6 4A            dw  FN_CONTROL_TRANSFER
  38+ 4A3C EA 4A            dw  FN_DATA_IN_TRANSFER
  39+ 4A3E F0 4A            dw  FN_DATA_OUT_TRANSFER
  40+ 4A40 F9 4A            dw  FN_SYNC_MODE
  41+ 4A42 F6 4A            dw  FN_CONTROL_PACKET
  42+ 4A44 D6 4B            dw  FN_JUMP_TABLE
  43+ 4A46              MAX_FN equ 9
  44+ 4A46
  45+ 4A46              JUMP_TABLE_START:
  46+ 4A46              JN_0:
  47+ 4A46 CD 00 00         call NXT_DIRECT         ; 3 bytes - call to switching code
  48+ 4A49 01               DB 1                    ; 1 byte  - ROM slot number
  49+ 4A4A 07               DB 7                    ; 1 byte  - ROM segment
  50+ 4A4B E0 4A            DW FN_CHECK             ; 2 bytes - address to call
  51+ 4A4D 00               NOP                     ; 1 byte
  52+ 4A4E              JN_1:
  53+ 4A4E CD 00 00         call NXT_DIRECT         ; 3 bytes - call to switching code
  54+ 4A51 01               DB 1                    ; 1 byte  - ROM slot number
  55+ 4A52 07               DB 7                    ; 1 byte  - ROM segment
  56+ 4A53 92 4A            DW FN_CONNECT           ; 2 bytes - address to call
  57+ 4A55 00               NOP                     ; 1 byte
  58+ 4A56              JN_2:
  59+ 4A56 CD 00 00         call NXT_DIRECT         ; 3 bytes - call to switching code
  60+ 4A59 01               DB 1                    ; 1 byte  - ROM slot number
  61+ 4A5A 07               DB 7                    ; 1 byte  - ROM segment
  62+ 4A5B E3 4A            DW FN_GETDESCRIPTORS    ; 2 bytes - address to call
  63+ 4A5D 00               NOP                     ; 1 byte
  64+ 4A5E              JN_3:
  65+ 4A5E CD 00 00         call NXT_DIRECT         ; 3 bytes - call to switching code
  66+ 4A61 01               DB 1                    ; 1 byte  - ROM slot number
  67+ 4A62 07               DB 7                    ; 1 byte  - ROM segment
  68+ 4A63 E6 4A            DW FN_CONTROL_TRANSFER  ; 2 bytes - address to call
  69+ 4A65 00               NOP                     ; 1 byte
  70+ 4A66              JN_4:
  71+ 4A66 CD 00 00         call NXT_DIRECT         ; 3 bytes - call to switching code
  72+ 4A69 01               DB 1                    ; 1 byte  - ROM slot number
  73+ 4A6A 07               DB 7                    ; 1 byte  - ROM segment
  74+ 4A6B EA 4A            DW FN_DATA_IN_TRANSFER  ; 2 bytes - address to call
  75+ 4A6D 00               NOP                     ; 1 byte
  76+ 4A6E              JN_5:
  77+ 4A6E CD 00 00         call NXT_DIRECT         ; 3 bytes - call to switching code
  78+ 4A71 01               DB 1                    ; 1 byte  - ROM slot number
  79+ 4A72 07               DB 7                    ; 1 byte  - ROM segment
  80+ 4A73 F0 4A            DW FN_DATA_OUT_TRANSFER ; 2 bytes - address to call
  81+ 4A75 00               NOP                     ; 1 byte
  82+ 4A76              JN_6:
  83+ 4A76 CD 00 00         call NXT_DIRECT         ; 3 bytes - call to switching code
  84+ 4A79 01               DB 1                    ; 1 byte  - ROM slot number
  85+ 4A7A 07               DB 7                    ; 1 byte  - ROM segment
  86+ 4A7B F9 4A            DW FN_SYNC_MODE         ; 2 bytes - address to call
  87+ 4A7D 00               NOP                     ; 1 byte
  88+ 4A7E              JN_7:
  89+ 4A7E CD 00 00         call NXT_DIRECT         ; 3 bytes - call to switching code
  90+ 4A81 01               DB 1                    ; 1 byte  - ROM slot number
  91+ 4A82 07               DB 7                    ; 1 byte  - ROM segment
  92+ 4A83 F6 4A            DW FN_CONTROL_PACKET    ; 2 bytes - address to call
  93+ 4A85 00               NOP                     ; 1 byte
  94+ 4A86 00           JUMP_TABLE_END: DB 0
  95+ 4A87              NR_JUMP_ENTRIES EQU 8
  96+ 4A87
  97+ 4A87              ;************************
  98+ 4A87              ;***  FUNCTIONS CODE  ***
  99+ 4A87              ;************************
 100+ 4A87
 101+ 4A87
 102+ 4A87              ;--- Mandatory routine 0: return API information
 103+ 4A87              ;    Input:  A  = 0
 104+ 4A87              ;    Output: HL = Descriptive string for this implementation, on this slot, zero terminated
 105+ 4A87              ;            DE = API version supported, D.E
 106+ 4A87              ;            BC = This implementation version, B.C.
 107+ 4A87              ;            A  = 0 and Cy = 0
 108+ 4A87              FN_INFO:
 109+ 4A87 01 08 00         ld  bc,256*IMPLEMENTATION_P+IMPLEMENTATION_S
 110+ 4A8A 11 03 00         ld  de,256*UNAPI_P+UNAPI_S
 111+ 4A8D 21 D0 7B         ld  hl,UNAPI_INFO
 112+ 4A90 AF               xor  a
 113+ 4A91 C9               ret
 114+ 4A92
 115+ 4A92              ; Connect attached USB device and reset it
 116+ 4A92              ; Input: (none)
 117+ 4A92              ; Output: A = nr of connected USB devices, zero if none or error
 118+ 4A92              FN_CONNECT:
 119+ 4A92                  ; check of we already did a scan before
 120+ 4A92 CD FD 4A         call GET_USB_DEVICE_ADDRESS
 121+ 4A95 A7               and a
 122+ 4A96 C0               ret nz ; yes, return the old value
 123+ 4A97                  ; start scanning from address 1
 124+ 4A97 3E 01            ld a, 1
 125+ 4A99 CD 08 4B         call SET_USB_DEVICE_ADDRESS
 126+ 4A9C              FN_CONNECT2: ; skip bus reset (for hubs)
 127+ 4A9C 01 73 00         ld bc, WRKAREA.USB_DESCRIPTOR
 128+ 4A9F CD 84 42         call WRKAREAPTR
 129+ 4AA2 DD E5 DD E5      push ix, ix ; ++
 130+ 4AA6                  ; Hub connected?
 131+ 4AA6 E1           	pop hl ; +-
 132+ 4AA7 16 00            ld d, 0 ; from reset device
 133+ 4AA9 CD 7B 4B     	call HW_GET_DESCRIPTORS
 134+ 4AAC 30 0F        	jr nc, _CONTINUE_DESCRIPTORS
 135+ 4AAE                  ; descriptors not read, return zero to indicate error
 136+ 4AAE DD E1            pop ix ; --
 137+ 4AB0 CD FD 4A         call GET_USB_DEVICE_ADDRESS
 138+ 4AB3 FE 01            cp 1
 139+ 4AB5 20 25            jr nz, _CONNECT_DONE
 140+ 4AB7 AF               xor a
 141+ 4AB8 CD 08 4B         call SET_USB_DEVICE_ADDRESS
 142+ 4ABB 18 1F            jr _CONNECT_DONE ; could not get descriptor now, maybe later, skip rest of checks
 143+ 4ABD              _CONTINUE_DESCRIPTORS:
 144+ 4ABD              	; USB HUB?
 145+ 4ABD E1               pop hl ; -- throw away
 146+ 4ABE CD 5B 4E         call CHECK_DESCRIPTOR_MASS_STORAGE
 147+ 4AC1 30 11            jr nc, _CONTINUE_STORAGE
 148+ 4AC3 CD 8C 4E         call CHECK_DESCRIPTOR_CDC_ECM
 149+ 4AC6 30 07            jr nc, _CONTINUE_CDC_ECM
 150+ 4AC8 CD BD 4E     	call CHECK_DESCRIPTOR_HUB
 151+ 4ACB 30 0C        	jr nc, _CONTINUE_HUB
 152+ 4ACD 18 0D            jr _CONNECT_DONE
 152+ 4ACF
 153+ 4ACF              _CONTINUE_CDC_ECM:
 154+ 4ACF CD EE 4E         call INIT_CDC_ECM
 155+ 4AD2 18 08            jr _CONNECT_DONE
 156+ 4AD4              _CONTINUE_STORAGE:
 157+ 4AD4 CD 0D 4F         call INIT_STORAGE
 158+ 4AD7 18 03            jr _CONNECT_DONE
 159+ 4AD9              _CONTINUE_HUB:
 160+ 4AD9              	; yes, scan hub devices6
 161+ 4AD9 CD 3F 4F     	call INIT_HUB
 162+ 4ADC              _CONNECT_DONE:
 163+ 4ADC CD FD 4A         call GET_USB_DEVICE_ADDRESS
 164+ 4ADF C9               ret
 165+ 4AE0
 166+ 4AE0              FN_CHECK:
 167+ 4AE0 C3 88 47         jp CH_HW_TEST
 168+ 4AE3              FN_GETDESCRIPTORS:
 169+ 4AE3 C3 7B 4B         jp HW_GET_DESCRIPTORS
 170+ 4AE6              FN_CONTROL_TRANSFER:
 171+ 4AE6 79               ld a, c ; device address in C
 172+ 4AE7 C3 72 49         jp HW_CONTROL_TRANSFER
 173+ 4AEA              FN_DATA_IN_TRANSFER:
 174+ 4AEA CD 62 4B         call _UNPACK_E
 175+ 4AED C3 D2 48         jp HW_DATA_IN_TRANSFER
 176+ 4AF0              FN_DATA_OUT_TRANSFER:
 177+ 4AF0 CD 62 4B         call _UNPACK_E
 178+ 4AF3 C3 1F 49         jp HW_DATA_OUT_TRANSFER
 179+ 4AF6              FN_CONTROL_PACKET:
 180+ 4AF6 C3 57 4C         jp GET_CONTROL_PACKET
 181+ 4AF9              FN_SYNC_MODE:
 182+ 4AF9 78               ld a, b
 183+ 4AFA C3 C2 47         jp HW_CONFIGURE_NAK_RETRY_2
 184+ 4AFD
 185+ 4AFD              GET_USB_DEVICE_ADDRESS:
 186+ 4AFD DD E5            push ix
 187+ 4AFF CD 6B 42         call MY_GWORK
 188+ 4B02 DD 7E 01         ld a, (ix+WRKAREA.MAX_DEVICE_ADDRESS)
 189+ 4B05 DD E1            pop ix
 190+ 4B07 C9               ret
 191+ 4B08              SET_USB_DEVICE_ADDRESS:
 192+ 4B08 DD E5            push ix
 193+ 4B0A CD 6B 42         call MY_GWORK
 194+ 4B0D DD 77 01         ld (ix+WRKAREA.MAX_DEVICE_ADDRESS),a
 195+ 4B10 DD E1            pop ix
 196+ 4B12 C9               ret
 197+ 4B13
 198+ 4B13              wait_for_insert:
 199+ 4B13                  ; CAPS ON
 200+ 4B13 DB AA        	in a, 0xaa
 201+ 4B15 CB B7        	res 6,a
 202+ 4B17 D3 AA        	out 0xaa,a
 203+ 4B19              	;
 204+ 4B19 01 0F 00         ld bc, WAIT_ONE_SECOND/4
 205+ 4B1C CD 5B 4B         call WAIT
 206+ 4B1F              	; CAPS OFF
 207+ 4B1F DB AA        	in a, 0xaa
 208+ 4B21 CB F7        	set 6,a
 209+ 4B23 D3 AA        	out 0xaa,a
 210+ 4B25              	;
 211+ 4B25 01 0F 00         ld bc, WAIT_ONE_SECOND/4
 212+ 4B28 CD 5B 4B         call WAIT
 213+ 4B2B
 214+ 4B2B CD 09 48         call CH_GET_STATUS
 215+ 4B2E FE 15            cp CH_USB_INT_CONNECT
 216+ 4B30 20 E1            jr nz,wait_for_insert
 217+ 4B32 C9               ret
 218+ 4B33
 219+ 4B33              USB_HOST_BUS_RESET:
 220+ 4B33                  ; reset DEVICE
 221+ 4B33 3E 06            ld a, CH_MODE_HOST
 222+ 4B35 CD A6 47         call CH_SET_USB_MODE
 223+ 4B38                  ; wait ~20ms
 224+ 4B38 01 0F 00     	ld bc, WAIT_ONE_SECOND/4
 225+ 4B3B CD 5B 4B     	call WAIT
 226+ 4B3E
 227+ 4B3E                  ; reset BUS
 228+ 4B3E 3E 07           	ld a, CH_MODE_HOST_RESET
 229+ 4B40 CD A6 47         call CH_SET_USB_MODE
 230+ 4B43              	; wait a bit longer
 231+ 4B43 01 1E 00     	ld bc, WAIT_ONE_SECOND/2
 232+ 4B46 CD 5B 4B     	call WAIT
 233+ 4B49
 234+ 4B49                  ; reset DEVICE
 235+ 4B49 3E 06            ld a, CH_MODE_HOST
 236+ 4B4B CD A6 47         call CH_SET_USB_MODE
 237+ 4B4E D8               ret c
 238+ 4B4F              	; wait ~20ms
 239+ 4B4F 01 0F 00     	ld bc, WAIT_ONE_SECOND/4
 240+ 4B52 CD 5B 4B     	call WAIT
 241+ 4B55
 242+ 4B55                  ; configure indefinite retries
 243+ 4B55 B7               or a
 244+ 4B56 CD BC 47         call HW_CONFIGURE_NAK_RETRY
 245+ 4B59
 246+ 4B59 B7               or a ; clear Cy
 247+ 4B5A C9           	ret
 248+ 4B5B
 249+ 4B5B              WAIT_ONE_SECOND	equ 60 ; max 60Hz
 250+ 4B5B
 251+ 4B5B              ;-----------------------------------------------------------------------------
 252+ 4B5B              ;
 253+ 4B5B              ; Wait a determined number of interrupts
 254+ 4B5B              ; Input: BC = number of 1/framerate interrupts to wait
 255+ 4B5B              ; Output: (none)
 256+ 4B5B              WAIT:
 257+ 4B5B 76           	halt
 258+ 4B5C 0B           	dec bc
 259+ 4B5D 78           	ld a,b
 260+ 4B5E B1           	or c
 261+ 4B5F 20 FA        	jr nz, WAIT
 262+ 4B61 C9           	ret
 263+ 4B62
 264+ 4B62              ; E contains DDDDEEEE (D=device address, E=endpoint id) unpack it and preserve Cy
 265+ 4B62              ; Output: A = device address
 266+ 4B62              ;         E = endpoint id
 267+ 4B62              ; Modifies: IXl
 268+ 4B62              _UNPACK_E:
 269+ 4B62 F5               push af
 270+ 4B63 DD 6B            ld ixl, e
 271+ 4B65 7B               ld a, e ; trick device address in high nibble, endpoint id in low nibble.
 272+ 4B66 E6 0F            and 0x0f
 273+ 4B68 5F               ld e, a
 274+ 4B69 DD 7D            ld a, ixl
 275+ 4B6B CB 2F            sra a
 276+ 4B6D CB 2F            sra a
 277+ 4B6F CB 2F            sra a
 278+ 4B71 CB 2F            sra a
 279+ 4B73 E6 0F            and 0x0f
 280+ 4B75 DD 6F            ld ixl, a
 281+ 4B77 F1               pop af
 282+ 4B78 DD 7D            ld a,ixl
 283+ 4B7A C9               ret
 284+ 4B7B
 285+ 4B7B              ; Get both the DEVICE and full CONFIG descriptors and return it
 286+ 4B7B              ; Input: D = device address
 287+ 4B7B              ;        HL = pointer to buffer
 288+ 4B7B              ; Output: Cy = 0, everything okay, Cy = 1, not connected
 289+ 4B7B              HW_GET_DESCRIPTORS:
 290+ 4B7B E5 DD E1         ld ix, hl
 291+ 4B7E
 292+ 4B7E                  ; get device descriptor
 293+ 4B7E CD 68 4C         call CH_GET_DEVICE_DESCRIPTOR
 294+ 4B81 30 12            jr nc, _INIT_USBHID_NEXT
 295+ 4B83
 296+ 4B83 CD FD 4A         call GET_USB_DEVICE_ADDRESS
 297+ 4B86 FE 01            cp 1
 298+ 4B88 C0               ret nz
 299+ 4B89                  ; try again on low speed, only for first device on bus
 300+ 4B89 3E 02            ld a, CH_SPEED_LOW
 301+ 4B8B CD 26 4A         call CH_SET_SPEED
 302+ 4B8E D8               ret c
 303+ 4B8F CD 68 4C         call CH_GET_DEVICE_DESCRIPTOR
 304+ 4B92 30 01            jr nc, _INIT_USBHID_NEXT
 305+ 4B94 C9               ret
 306+ 4B95              _INIT_USBHID_NEXT:
 307+ 4B95                  ; set address
 308+ 4B95 7A               ld a, d
 309+ 4B96 A7               and a
 310+ 4B97 20 0A            jr nz, _SKIP_SET_ADDRESS ; we're asking descriptors of an already identified device
 311+ 4B99 CD FD 4A         call GET_USB_DEVICE_ADDRESS
 312+ 4B9C DD 46 07         ld b, (ix+DEVICE_DESCRIPTOR.bMaxPacketSize0)
 313+ 4B9F CD 16 4D         call CH_SET_ADDRESS
 314+ 4BA2 D8               ret c
 315+ 4BA3                  ; from now on the device only listens to address given
 316+ 4BA3              _SKIP_SET_ADDRESS:
 317+ 4BA3                  ; get config descriptor
 318+ 4BA3 DD E5 FD E1      ld iy, ix
 319+ 4BA7 01 12 00         ld bc, DEVICE_DESCRIPTOR ; sizeof
 320+ 4BAA FD 09            add iy, bc ; config lies after device descriptor
 321+ 4BAC 1E 00            ld e, 0 ; first configuration
 322+ 4BAE              _INIT_USBHID_AGAIN:
 323+ 4BAE 7A               ld a, d
 324+ 4BAF A7               and a
 325+ 4BB0 20 04            jr nz, _SKIP_GET_ADDRESS
 326+ 4BB2 CD FD 4A         call GET_USB_DEVICE_ADDRESS
 327+ 4BB5 57               ld d, a
 328+ 4BB6              _SKIP_GET_ADDRESS:
 329+ 4BB6 7B               ld a, e
 330+ 4BB7 DD 46 07         ld b, (ix+DEVICE_DESCRIPTOR.bMaxPacketSize0)
 331+ 4BBA 0E 09            ld c, CONFIG_DESCRIPTOR ; sizeof
 332+ 4BBC FD E5 E1         ld hl, iy
 333+ 4BBF CD 87 4C         call CH_GET_CONFIG_DESCRIPTOR ; call first with max packet size to discover real size
 334+ 4BC2 D8               ret c
 335+ 4BC3 FD 4E 02         ld c, (iy+CONFIG_DESCRIPTOR.wTotalLength) ; lower 8 bits
 336+ 4BC6 7B               ld a, e
 337+ 4BC7 CD 87 4C         call CH_GET_CONFIG_DESCRIPTOR ; call again with real size
 338+ 4BCA 06 00            ld b, 0
 339+ 4BCC FD 09            add iy, bc
 340+ 4BCE 1C               inc e
 341+ 4BCF DD 7E 11         ld a, (ix+DEVICE_DESCRIPTOR.bNumConfigurations)
 342+ 4BD2 BB               cp e
 343+ 4BD3 20 D9            jr nz, _INIT_USBHID_AGAIN
 344+ 4BD5 C9               ret
 345+ 4BD6
 346+ 4BD6              ; FN_JUMP_TABLE: return the configured jumptable in WRKAREA
 347+ 4BD6              ; Input: HL - location where we want to have the jumptable
 348+ 4BD6              ; Output: (none)
 349+ 4BD6              ;
 350+ 4BD6              ; Example jumptable
 351+ 4BD6              ; call NXT_DIRECT ; 3 bytes - call to switching code
 352+ 4BD6              ; DB 1            ; 1 byte  - ROM slot number
 353+ 4BD6              ; DB 7            ; 1 byte  - ROM segment
 354+ 4BD6              ; DW FN_CHECK     ; 2 bytes - address to call
 355+ 4BD6              ; ret             ; 1 byte
 356+ 4BD6              ;                 ; =============
 357+ 4BD6              ;                 ; 8 bytes total per entry
 358+ 4BD6              FN_JUMP_TABLE:
 359+ 4BD6 DD E5 D5 C5      push ix, de, bc, af
 359+ 4BDA F5
 360+ 4BDB E5               push hl ; pointer to jumptable
 361+ 4BDC EB               ex hl,de
 362+ 4BDD 21 46 4A         ld hl, JUMP_TABLE_START
 363+ 4BE0 01 40 00         ld bc, JUMP_TABLE_END-JUMP_TABLE_START
 364+ 4BE3 ED B0            ldir
 365+ 4BE5                  ; get pointer to NXT_DIRECT
 366+ 4BE5 01 9B 01         ld bc, WRKAREA.NXT_DIRECT
 367+ 4BE8 CD 84 42     	call WRKAREAPTR
 368+ 4BEB DD E5 E1         ld hl, ix
 369+ 4BEE DD E1            pop ix ; pointer to jumptable
 370+ 4BF0                  ; get current bank
 371+ 4BF0 3A FF 40         ld a, (CUR_BANK)
 372+ 4BF3 47               ld b, a
 373+ 4BF4                  ; get current slot-id
 374+ 4BF4 CD 13 4C         call GETSLT1
 375+ 4BF7                  ; increment
 376+ 4BF7 0E 08            ld c, NR_JUMP_ENTRIES
 377+ 4BF9 11 08 00         ld de, 8
 378+ 4BFC              _FN_JUMP_TABLE_NEXT_ENTRY:
 379+ 4BFC DD 75 01 DD      ld (ix+JN_0-JUMP_TABLE_START+1),hl
 379+ 4C00 74 02
 380+ 4C02 DD 77 03         ld (ix+JN_0-JUMP_TABLE_START+3),a
 381+ 4C05 DD 70 04         ld (ix+JN_0-JUMP_TABLE_START+4),b
 382+ 4C08 DD 19            add ix, de
 383+ 4C0A 0D               dec c
 384+ 4C0B 20 EF            jr nz, _FN_JUMP_TABLE_NEXT_ENTRY
 385+ 4C0D                  ;
 386+ 4C0D F1 C1 D1 DD      pop af, bc, de, ix
 386+ 4C11 E1
 387+ 4C12 C9               ret
 388+ 4C13
 389+ 4C13              ;--- Get slot connected on page 1
 390+ 4C13              ;    Input:  -
 391+ 4C13              ;    Output: A = Slot number
 392+ 4C13              ;    Modifies: AF
 393+ 4C13              GETSLT1:
 394+ 4C13 C5 D5 E5         push bc,de,hl
 395+ 4C16 DB A8            in  a,(0A8h)
 396+ 4C18 5F               ld  e,a
 397+ 4C19 E6 0C            and  00001100b
 398+ 4C1B CB 2F            sra  a
 399+ 4C1D CB 2F            sra  a
 400+ 4C1F 4F               ld  c,a  ;C = Slot
 401+ 4C20 06 00            ld  b,0
 402+ 4C22 21 C1 FC         ld  hl,EXPTBL
 403+ 4C25 09               add  hl,bc
 404+ 4C26 CB 7E            bit  7,(hl)
 405+ 4C28 28 0B            jr  z,NOEXP1
 406+ 4C2A              EXP1:
 407+ 4C2A 23               inc  hl
 408+ 4C2B 23               inc  hl
 409+ 4C2C 23               inc  hl
 410+ 4C2D 23               inc  hl
 411+ 4C2E 7E               ld  a,(hl)
 412+ 4C2F E6 0C            and  00001100b
 413+ 4C31 B1               or  c
 414+ 4C32 F6 80            or  80h
 415+ 4C34 4F               ld  c,a
 416+ 4C35              NOEXP1:
 417+ 4C35 79               ld  a,c
 418+ 4C36 E1 D1 C1         pop hl,de,bc
 419+ 4C39 C9               ret
 420+ 4C3A
 421+ 4C3A              USBHOST_INIT:
 422+ 4C3A DD E5            push ix
 423+ 4C3C                  ; copy USB descriptors to WRKAREA
 424+ 4C3C 01 FF 00         ld bc, WRKAREA.USB_DESCRIPTORS
 425+ 4C3F CD 84 42         call WRKAREAPTR
 426+ 4C42 21 2E 48         ld hl, USB_DESCRIPTORS_START
 427+ 4C45 DD 54 DD 5D      ld de, ix
 428+ 4C49 01 88 00         ld bc, USB_DESCRIPTORS_END - USB_DESCRIPTORS_START
 429+ 4C4C ED B0            ldir
 430+ 4C4E                  ; INIT finished
 431+ 4C4E 21 2D 50         ld hl, TXT_UNAPI_INIT
 432+ 4C51 CD 13 47         call PRINT
 433+ 4C54 DD E1            pop ix
 434+ 4C56 C9           	ret
 435+ 4C57
 436+ 4C57              ; GET_CONTROL_PACKET
 437+ 4C57              ; return USB descriptors stored in page 3 RAM to enable modification
 438+ 4C57              ; Input: BC - offset within descriptor table
 439+ 4C57              ; Output: HL - location of USB descriptors in RAM
 440+ 4C57              GET_CONTROL_PACKET:
 441+ 4C57 DD E5 C5         push ix, bc
 442+ 4C5A 01 FF 00         ld bc, WRKAREA.USB_DESCRIPTORS
 443+ 4C5D CD 84 42         call WRKAREAPTR
 444+ 4C60 C1               pop bc
 445+ 4C61 DD E5 E1         ld hl, ix
 446+ 4C64 09               add hl, bc
 447+ 4C65 DD E1            pop ix
 448+ 4C67 C9               ret
 449+ 4C68
 450+ 4C68              ; --------------------------------------
 451+ 4C68              ; CH_GET_DEVICE_DESCRIPTOR
 452+ 4C68              ;
 453+ 4C68              ; Input: HL=pointer to memory to receive device descriptor
 454+ 4C68              ;        D =device address
 455+ 4C68              ; Output: Cy=0 no error, Cy=1 error
 456+ 4C68              ;         A  = USB error code
 457+ 4C68              ;         BC = Amount of data actually transferred (if IN transfer and no error)
 458+ 4C68              CH_GET_DEVICE_DESCRIPTOR:
 459+ 4C68 DD E5 E5 D5      push ix,hl,de,bc
 459+ 4C6C C5
 460+ 4C6D 7A               ld a, d ; device address
 461+ 4C6E F5               push af
 462+ 4C6F 54 5D            ld de, hl ; Address of the input or output data buffer
 463+ 4C71
 464+ 4C71                  ; return USB descriptor stored in WRKAREA
 465+ 4C71 01 00 00         ld bc, CMD_GET_DEVICE_DESCRIPTOR-CMD_GET_DEVICE_DESCRIPTOR ; Address of the command: 0x80,6,0,1,0,0,18,0
 466+ 4C74 CD 57 4C         call GET_CONTROL_PACKET
 467+ 4C77
 468+ 4C77 F1               pop af
 469+ 4C78 06 08            ld b, 8 ; length in bytes
 470+ 4C7A CD 72 49         call HW_CONTROL_TRANSFER
 471+ 4C7D C1 D1 E1 DD      pop bc,de,hl,ix
 471+ 4C81 E1
 472+ 4C82 FE 14            cp CH_USB_INT_SUCCESS
 473+ 4C84 C8               ret z ; no error
 474+ 4C85 37               scf ; error
 475+ 4C86 C9               ret
 476+ 4C87
 477+ 4C87              ; --------------------------------------
 478+ 4C87              ; CH_GET_CONFIG_DESCRIPTOR
 479+ 4C87              ;
 480+ 4C87              ; Input: HL=pointer to memory to receive config descriptor
 481+ 4C87              ;        A=configuration index starting with 0 to DEVICE_DESCRIPTOR.bNumConfigurations
 482+ 4C87              ;        B=max_packetsize
 483+ 4C87              ;        C=config_descriptor_size
 484+ 4C87              ;        D=device address
 485+ 4C87              ; Output: Cy=0 no error, Cy=1 error
 486+ 4C87              CH_GET_CONFIG_DESCRIPTOR:
 487+ 4C87 FD E5 DD E5      push iy,ix,hl,de,bc
 487+ 4C8B E5 D5 C5
 488+ 4C8E E5 FD E1         ld iy, hl ; Address of the input or output data buffer
 489+ 4C91
 490+ 4C91                  ; get SLTWRK in HL for this ROM page
 491+ 4C91 C5               push bc
 492+ 4C92 01 20 00         ld bc, CMD_GET_CONFIG_DESCRIPTOR-CMD_GET_DEVICE_DESCRIPTOR ; Address of the command: 0x80,6,configuration_id,2,0,0,config_descriptor_size,0
 493+ 4C95 CD 57 4C         call GET_CONTROL_PACKET
 494+ 4C98 C1               pop bc
 495+ 4C99
 496+ 4C99 E5 DD E1         ld ix, hl
 497+ 4C9C DD 77 02         ld (ix+2), a
 498+ 4C9F DD 71 06         ld (ix+6), c
 499+ 4CA2 7A               ld a, d ; device address
 500+ 4CA3 FD 54 FD 5D      ld de, iy ; Address of the input or output data buffer
 501+ 4CA7 CD 72 49         call HW_CONTROL_TRANSFER
 502+ 4CAA C1 D1 E1 DD      pop bc,de,hl,ix,iy
 502+ 4CAE E1 FD E1
 503+ 4CB1 FE 14            cp CH_USB_INT_SUCCESS
 504+ 4CB3 C8               ret z ; no error
 505+ 4CB4 37               scf ; error
 506+ 4CB5 C9               ret
 507+ 4CB6
 508+ 4CB6              ; --------------------------------------
 509+ 4CB6              ; CH_SET_CONFIGURATION
 510+ 4CB6              ;
 511+ 4CB6              ; Input: A=configuration id
 512+ 4CB6              ;        B=packetsize
 513+ 4CB6              ;        D=device address
 514+ 4CB6              ; Output: Cy=0 no error, Cy=1 error
 515+ 4CB6              CH_SET_CONFIGURATION:
 516+ 4CB6 DD E5 E5         push ix,hl
 517+ 4CB9
 518+ 4CB9                  ; get SLTWRK in HL for this ROM page
 519+ 4CB9 C5               push bc
 520+ 4CBA 01 10 00         ld bc, CMD_SET_CONFIGURATION-CMD_GET_DEVICE_DESCRIPTOR ; Address of the command: 0x00,0x09,configuration_id,0,0,0,0,0
 521+ 4CBD CD 57 4C         call GET_CONTROL_PACKET
 522+ 4CC0 C1               pop bc
 523+ 4CC1
 524+ 4CC1 E5 DD E1         ld ix, hl
 525+ 4CC4 DD 77 02         ld (ix+2),a
 526+ 4CC7 7A               ld a, d ; device address
 527+ 4CC8 CD 72 49         call HW_CONTROL_TRANSFER
 528+ 4CCB E1 DD E1         pop hl,ix
 529+ 4CCE FE 14            cp CH_USB_INT_SUCCESS
 530+ 4CD0 C8               ret z ; no error
 531+ 4CD1 37               scf ; error
 532+ 4CD2 C9               ret
 533+ 4CD3
 534+ 4CD3              ; --------------------------------------
 535+ 4CD3              ; CH_SET_PROTOCOL
 536+ 4CD3              ;
 537+ 4CD3              ; Input: A=protocol id (0=BOOT)
 538+ 4CD3              ;        B=packetsize
 539+ 4CD3              ;        D=device address
 540+ 4CD3              ;        E=interface id
 541+ 4CD3              ; Output: Cy=0 no error, Cy=1 error
 542+ 4CD3              CH_SET_PROTOCOL:
 543+ 4CD3 DD E5 E5         push ix,hl
 544+ 4CD6
 545+ 4CD6                  ; get SLTWRK in HL for this ROM page
 546+ 4CD6 C5               push bc
 547+ 4CD7 01 40 00         ld bc, CMD_SET_PROTOCOL-CMD_GET_DEVICE_DESCRIPTOR ; Address of the command: 0x21,0x0B,protocol_id,0,interface_id,0,0,0
 548+ 4CDA CD 57 4C         call GET_CONTROL_PACKET
 549+ 4CDD C1               pop bc
 550+ 4CDE
 551+ 4CDE E5 DD E1         ld ix, hl
 552+ 4CE1 DD 77 02         ld (ix+2),a
 553+ 4CE4 DD 73 04         ld (ix+4),e
 554+ 4CE7 7A               ld a, d ; device address
 555+ 4CE8 CD 72 49         call HW_CONTROL_TRANSFER
 556+ 4CEB E1 DD E1         pop hl,ix
 557+ 4CEE FE 14            cp CH_USB_INT_SUCCESS
 558+ 4CF0 C8               ret z ; no error
 559+ 4CF1 37               scf ; error
 560+ 4CF2 C9               ret
 561+ 4CF3
 562+ 4CF3              ; --------------------------------------
 563+ 4CF3              ; CH_SET_IDLE
 564+ 4CF3              ;
 565+ 4CF3              ; Input: A=idle value
 566+ 4CF3              ;        B=packetsize
 567+ 4CF3              ;        C=report id
 568+ 4CF3              ;        D=device address
 569+ 4CF3              ;        E=interface id
 570+ 4CF3              ; Output: Cy=0 no error, Cy=1 error
 571+ 4CF3              CH_SET_IDLE:
 572+ 4CF3 DD E5 E5         push ix,hl
 573+ 4CF6
 574+ 4CF6                  ; get SLTWRK in HL for this ROM page
 575+ 4CF6 C5               push bc
 576+ 4CF7 01 38 00         ld bc, CMD_SET_IDLE-CMD_GET_DEVICE_DESCRIPTOR ; Address of the command: 0x21,0x0A,report_id,duration,interface_id,0,0,0
 577+ 4CFA CD 57 4C         call GET_CONTROL_PACKET
 578+ 4CFD C1               pop bc
 579+ 4CFE
 580+ 4CFE E5 DD E1         ld ix, hl
 581+ 4D01 DD 71 02         ld (ix+2),c
 582+ 4D04 DD 77 03         ld (ix+3),a
 583+ 4D07 DD 73 04         ld (ix+4),e
 584+ 4D0A 7A               ld a, d ; device address
 585+ 4D0B CD 72 49         call HW_CONTROL_TRANSFER
 586+ 4D0E E1 DD E1         pop hl,ix
 587+ 4D11 FE 14            cp CH_USB_INT_SUCCESS
 588+ 4D13 C8               ret z ; no error
 589+ 4D14 37               scf ; error
 590+ 4D15 C9               ret
 591+ 4D16
 592+ 4D16              ; --------------------------------------
 593+ 4D16              ; CH_SET_ADDRESS
 594+ 4D16              ;
 595+ 4D16              ; Input: A=address to assign to connected USB device
 596+ 4D16              ;        B=packetsize
 597+ 4D16              ; Output: Cy=0 no error, Cy=1 error
 598+ 4D16              CH_SET_ADDRESS:
 599+ 4D16 DD E5 E5 D5      push ix,hl,de
 600+ 4D1A 54 5D            ld de, hl ; Address of the input or output data buffer
 601+ 4D1C
 602+ 4D1C                  ; get SLTWRK in HL for this ROM page
 603+ 4D1C C5               push bc
 604+ 4D1D 01 08 00         ld bc, CMD_SET_ADDRESS-CMD_GET_DEVICE_DESCRIPTOR ; Address of the command: 0x00,0x05,target_device_address,0,0,0,0,0
 605+ 4D20 CD 57 4C         call GET_CONTROL_PACKET
 606+ 4D23 C1               pop bc
 607+ 4D24
 608+ 4D24 E5 DD E1         ld ix, hl
 609+ 4D27 DD 77 02         ld (ix+2),a
 610+ 4D2A 3E 00            ld a, 0 ; device address
 611+ 4D2C CD 72 49         call HW_CONTROL_TRANSFER
 612+ 4D2F D1 E1 DD E1      pop de,hl,ix
 613+ 4D33 FE 14            cp CH_USB_INT_SUCCESS
 614+ 4D35 C8               ret z ; no error
 615+ 4D36 37               scf ; error
 616+ 4D37 C9               ret
 617+ 4D38
 618+ 4D38              ; --------------------------------------
 619+ 4D38              ; CH_GET_HUB_DESCRIPTOR
 620+ 4D38              ;
 621+ 4D38              ; Input: HL=pointer to memory to receive device descriptor
 622+ 4D38              ;        B=packetsize
 623+ 4D38              ;        D=device address
 624+ 4D38              ; Output: Cy=0 no error, Cy=1 error
 625+ 4D38              ;         A  = USB error code
 626+ 4D38              ;         BC = Amount of data actually transferred (if IN transfer and no error)
 627+ 4D38              CH_GET_HUB_DESCRIPTOR:
 628+ 4D38 FD E5 DD E5      push iy,ix,hl,de
 628+ 4D3C E5 D5
 629+ 4D3E E5               push hl
 630+ 4D3F                  ; return USB descriptor stored in WRKAREA
 631+ 4D3F C5               push bc
 632+ 4D40 01 60 00         ld bc, CMD_GET_HUB_DESCRIPTOR-CMD_GET_DEVICE_DESCRIPTOR ; Address of the command: {0b10100000,6,0,0x29,0,0,sizeof(USB_HUB_DESCRIPTOR),0}
 633+ 4D43 CD 57 4C         call GET_CONTROL_PACKET
 634+ 4D46 C1               pop bc
 635+ 4D47                  ;
 636+ 4D47 E5 DD E1         ld ix, hl
 637+ 4D4A DD 70 06         ld (ix+6),b
 638+ 4D4D 7A               ld a, d ; device address
 639+ 4D4E D1               pop de ; was HL = memory to receive descriptor
 640+ 4D4F CD 72 49         call HW_CONTROL_TRANSFER
 641+ 4D52
 642+ 4D52 D1 E1 DD E1      pop de,hl,ix,iy
 642+ 4D56 FD E1
 643+ 4D58 FE 14            cp CH_USB_INT_SUCCESS
 644+ 4D5A C8               ret z ; no error
 645+ 4D5B 37               scf ; error
 646+ 4D5C C9               ret
 647+ 4D5D
 648+ 4D5D              ; GET_HUB_PORT_STATUS:
 649+ 4D5D              ; Input: A = port number to check
 650+ 4D5D              ;        B=packetsize
 651+ 4D5D              ;        D = device address
 652+ 4D5D              ;        HL= pointer to 4-bytes memory to receive port status
 653+ 4D5D              GET_HUB_PORT_STATUS:
 654+ 4D5D FD E5 DD E5      push iy,ix,hl,de,bc
 654+ 4D61 E5 D5 C5
 655+ 4D64 E5               push hl
 656+ 4D65 C5               push bc
 657+ 4D66 01 70 00         ld bc, CMD_GET_HUB_PORT_STATUS-CMD_GET_DEVICE_DESCRIPTOR ; Address of the command: {0b10100011,0,0,0,portnr,0,4,0};
 658+ 4D69 CD 57 4C         call GET_CONTROL_PACKET
 659+ 4D6C C1               pop bc
 660+ 4D6D                  ;
 661+ 4D6D E5 DD E1         ld ix, hl
 662+ 4D70 DD 77 04         ld (ix+4),a
 663+ 4D73                  ;
 664+ 4D73 7A               ld a, d ; device address
 665+ 4D74 D1               pop de ; was HL = memory to receive port status
 666+ 4D75 CD 72 49         call HW_CONTROL_TRANSFER
 667+ 4D78                  ;
 668+ 4D78 C1 D1 E1 DD      pop bc,de,hl,ix,iy
 668+ 4D7C E1 FD E1
 669+ 4D7F FE 14            cp CH_USB_INT_SUCCESS
 670+ 4D81 C8               ret z ; no error
 671+ 4D82 37               scf ; error
 672+ 4D83 C9               ret
 673+ 4D84
 674+ 4D84              ; SET_HUB_PORT_FEATURE
 675+ 4D84              ; A = port number
 676+ 4D84              ; C = feature to set
 677+ 4D84              ; D = device address
 678+ 4D84              SET_HUB_PORT_FEATURE:
 679+ 4D84 FD E5 DD E5      push iy,ix,hl,de,bc
 679+ 4D88 E5 D5 C5
 680+ 4D8B C5               push bc
 681+ 4D8C 01 68 00         ld bc, CMD_SET_HUB_PORT_FEATURE-CMD_GET_DEVICE_DESCRIPTOR ; Address of the command: {0b00100011,0x03,feature_selector,0,port,value,0,0};
 682+ 4D8F CD 57 4C         call GET_CONTROL_PACKET
 683+ 4D92 C1               pop bc
 684+ 4D93                  ;
 685+ 4D93 E5 DD E1         ld ix, hl
 686+ 4D96 DD 71 02         ld (ix+2),c
 687+ 4D99 DD 77 04         ld (ix+4),a
 688+ 4D9C                  ;
 689+ 4D9C 7A               ld a, d ; device address
 690+ 4D9D CD 72 49         call HW_CONTROL_TRANSFER
 691+ 4DA0 C1 D1 E1 DD      pop bc,de,hl,ix,iy
 691+ 4DA4 E1 FD E1
 692+ 4DA7 FE 14            cp CH_USB_INT_SUCCESS
 693+ 4DA9 C8               ret z ; no error
 694+ 4DAA 37               scf ; error
 695+ 4DAB C9               ret
 696+ 4DAC
 697+ 4DAC              CHECK_DEVICE_DESCRIPTOR:
 698+ 4DAC F5               push af
 699+ 4DAD DD 7E 11         ld a, (ix+DEVICE_DESCRIPTOR.bNumConfigurations)
 700+ 4DB0 FD 77 12         ld (iy+WRKAREA.SEARCH_DEVICE_INFO.NUM_CONFIGS),a
 701+ 4DB3 DD 7E 07         ld a, (ix+DEVICE_DESCRIPTOR.bMaxPacketSize0)
 702+ 4DB6 FD 77 05         ld (iy+WRKAREA.USB_DEVICE_INFO.MAX_PACKET_SIZE),a
 703+ 4DB9 F1               pop af
 704+ 4DBA C9               ret
 705+ 4DBB
 706+ 4DBB              CHECK_CONFIG_DESCRIPTOR:
 707+ 4DBB F5               push af
 708+ 4DBC DD 7E 04         ld a, (ix+CONFIG_DESCRIPTOR.bNumInterfaces)
 709+ 4DBF FD 77 13         ld (iy+WRKAREA.SEARCH_DEVICE_INFO.NUM_INTERFACES),a
 710+ 4DC2 DD 7E 05         ld a, (ix+CONFIG_DESCRIPTOR.bConfigurationvalue)
 711+ 4DC5 FD 77 04         ld (iy+WRKAREA.USB_DEVICE_INFO.CONFIG_ID),a
 712+ 4DC8              _CHECK_CONFIG_NEXT:
 713+ 4DC8 FD 35 12         dec (iy+WRKAREA.SEARCH_DEVICE_INFO.NUM_CONFIGS)
 714+ 4DCB F1               pop af
 715+ 4DCC C9               ret
 716+ 4DCD
 717+ 4DCD              CHECK_INTERFACE_DESCRIPTOR:
 718+ 4DCD F5 C5            push af,bc
 719+ 4DCF DD 7E 04         ld a, (ix+INTERFACE_DESCRIPTOR.bNumEndpoints)
 720+ 4DD2 FD 77 14         ld (iy+WRKAREA.SEARCH_DEVICE_INFO.NUM_ENDPOINTS),a
 721+ 4DD5 DD 46 05         ld b, (ix+INTERFACE_DESCRIPTOR.bInterfaceClass)
 722+ 4DD8 FD 7E 15         ld a, (iy+WRKAREA.SEARCH_DEVICE_INFO.WANTED_CLASS)
 723+ 4DDB B8               cp b
 724+ 4DDC 20 20            jr nz, _INTERFACE_NOT_INTERESTING
 725+ 4DDE DD 46 06         ld b, (ix+INTERFACE_DESCRIPTOR.bInterfaceSubClass)
 726+ 4DE1 FD 7E 16         ld a, (iy+WRKAREA.SEARCH_DEVICE_INFO.WANTED_SUB_CLASS)
 727+ 4DE4 FE FF            cp 0ffh ; wildcard
 728+ 4DE6 28 03            jr z, _NEXT_CHECK2
 729+ 4DE8 B8               cp b
 730+ 4DE9 20 13            jr nz, _INTERFACE_NOT_INTERESTING
 731+ 4DEB              _NEXT_CHECK2:
 732+ 4DEB DD 46 07         ld b, (ix+INTERFACE_DESCRIPTOR.bInterfaceProtocol)
 733+ 4DEE FD 7E 17         ld a, (iy+WRKAREA.SEARCH_DEVICE_INFO.WANTED_PROTOCOL)
 734+ 4DF1 FE FF            cp 0ffh ; wildcard
 735+ 4DF3 28 03            jr z, _NEXT_CHECK3
 736+ 4DF5 B8               cp b
 737+ 4DF6 20 06            jr nz, _INTERFACE_NOT_INTERESTING
 738+ 4DF8              _NEXT_CHECK3:
 739+ 4DF8                  ; found the right interface
 740+ 4DF8 DD 7E 02         ld a, (ix+INTERFACE_DESCRIPTOR.bInterfaceNumber)
 741+ 4DFB FD 77 03         ld (iy+WRKAREA.USB_DEVICE_INFO.INTERFACE_ID),a
 742+ 4DFE              _INTERFACE_NOT_INTERESTING:
 743+ 4DFE FD 35 13         dec (iy+WRKAREA.SEARCH_DEVICE_INFO.NUM_INTERFACES)
 744+ 4E01 C1 F1            pop bc,af
 745+ 4E03 C9               ret
 746+ 4E04
 747+ 4E04              CHECK_ENDPOINT_DESCRIPTOR:
 748+ 4E04 F5               push af
 749+ 4E05
 750+ 4E05                  ; data interface
 751+ 4E05 DD 7E 03         ld a, (ix+ENDPOINT_DESCRIPTOR.bmAttributes)
 752+ 4E08 E6 03            and 0b00000011
 753+ 4E0A FE 02            cp 0b00000010
 754+ 4E0C 20 13            jr nz,_CHECK_ENDPOINT_DESCRIPTOR_END ; not Bulk endpoint
 755+ 4E0E
 756+ 4E0E DD 7E 02         ld a, (ix+ENDPOINT_DESCRIPTOR.bEndpointAddress)
 757+ 4E11 CB 7F            bit 7,a
 758+ 4E13 28 07            jr z, _CHECK_BULK_OUTPUT
 759+ 4E15 E6 7F            and 0b01111111
 760+ 4E17 FD 77 06         ld (iy+WRKAREA.USB_DEVICE_INFO.DATA_BULK_IN_ENDPOINT_ID), a
 761+ 4E1A 18 05            jr _CHECK_ENDPOINT_DESCRIPTOR_END
 762+ 4E1C              _CHECK_BULK_OUTPUT:
 763+ 4E1C E6 7F            and 0b01111111
 764+ 4E1E FD 77 07         ld (iy+WRKAREA.USB_DEVICE_INFO.DATA_BULK_OUT_ENDPOINT_ID), a
 765+ 4E21              _CHECK_ENDPOINT_DESCRIPTOR_END:
 766+ 4E21
 767+ 4E21 FD 35 14         dec (iy+WRKAREA.SEARCH_DEVICE_INFO.NUM_ENDPOINTS)
 768+ 4E24 F1               pop af
 769+ 4E25 C9               ret
 770+ 4E26
 771+ 4E26              PARSE_USB_DESCRIPTORS:
 772+ 4E26              _USB_CHECK_NEXT:
 773+ 4E26 DD 4E 00         ld c, (ix+0) ; length
 774+ 4E29 06 00            ld b, 0
 775+ 4E2B DD 7E 01         ld a, (ix+1) ; type
 776+ 4E2E FE 01            cp 0x01 ; DEVICE_DESCRIPTOR
 777+ 4E30 CC AC 4D         call z, CHECK_DEVICE_DESCRIPTOR
 778+ 4E33 FE 02            cp 0x02 ; CONFIG_DESCRIPTOR
 779+ 4E35 CC BB 4D         call z, CHECK_CONFIG_DESCRIPTOR
 780+ 4E38 FE 04            cp 0x04 ; INTERFACE_DESCRIPTOR
 781+ 4E3A CC CD 4D         call z, CHECK_INTERFACE_DESCRIPTOR
 782+ 4E3D FE 05            cp 0x05 ; ENDPOINT_DESCRIPTOR
 783+ 4E3F CC 04 4E         call z, CHECK_ENDPOINT_DESCRIPTOR
 784+ 4E42                  ; check if we're done checking
 785+ 4E42 FD 7E 12         ld a, (iy+WRKAREA.SEARCH_DEVICE_INFO.NUM_CONFIGS)
 786+ 4E45 A7               and a
 787+ 4E46 20 0E            jr nz, _DO_AGAIN
 788+ 4E48 FD 7E 13         ld a, (iy+WRKAREA.SEARCH_DEVICE_INFO.NUM_INTERFACES)
 789+ 4E4B A7               and a
 790+ 4E4C 20 08            jr nz, _DO_AGAIN
 791+ 4E4E FD 7E 14         ld a, (iy+WRKAREA.SEARCH_DEVICE_INFO.NUM_ENDPOINTS)
 792+ 4E51 A7               and a
 793+ 4E52 20 02            jr nz, _DO_AGAIN
 794+ 4E54                  ; no more endpoints, interfaces and configs to scan
 795+ 4E54 18 04            jr _DONE
 796+ 4E56              _DO_AGAIN:
 797+ 4E56 DD 09            add ix,bc
 798+ 4E58 18 CC            jr _USB_CHECK_NEXT
 799+ 4E5A              _DONE:
 800+ 4E5A C9               ret
 801+ 4E5B
 802+ 4E5B              ; Parse the descriptor to see if a mass storage device
 803+ 4E5B              ; is connected
 804+ 4E5B              ;
 805+ 4E5B              ; Input: HL points to buffer with descriptor
 806+ 4E5B              ; Output: Cy = 0 (found), Cy = 1 (not found)
 807+ 4E5B              CHECK_DESCRIPTOR_MASS_STORAGE:
 808+ 4E5B CD 6B 42         call MY_GWORK
 809+ 4E5E DD E5 FD E1      ld iy, ix ; iy pointing to start of WRKAREA
 810+ 4E62 01 73 00         ld bc, WRKAREA.USB_DESCRIPTOR
 811+ 4E65 DD 09            add ix, bc ; ix pointing to buffer
 812+ 4E67                  ; init value
 813+ 4E67 3E FF            ld a, 0ffh
 814+ 4E69 FD 77 03         ld (iy+WRKAREA.USB_DEVICE_INFO.INTERFACE_ID),a
 815+ 4E6C FD 77 04         ld (iy+WRKAREA.USB_DEVICE_INFO.CONFIG_ID),a
 816+ 4E6F                  ; start searching
 817+ 4E6F 3E 08            ld a, 8 ; mass storage
 818+ 4E71 FD 77 15         ld (iy+WRKAREA.SEARCH_DEVICE_INFO.WANTED_CLASS),a
 819+ 4E74 3E 06            ld a, 6 ; SCSI command set
 820+ 4E76 FD 77 16         ld (iy+WRKAREA.SEARCH_DEVICE_INFO.WANTED_SUB_CLASS),a
 821+ 4E79 3E 50            ld a, 050h
 822+ 4E7B FD 77 17         ld (iy+WRKAREA.SEARCH_DEVICE_INFO.WANTED_PROTOCOL),a
 823+ 4E7E CD 26 4E         call PARSE_USB_DESCRIPTORS
 824+ 4E81 FD 7E 03         ld a, (iy+WRKAREA.USB_DEVICE_INFO.INTERFACE_ID)
 825+ 4E84 FE FF            cp 0ffh
 826+ 4E86 20 02            jr nz, _FOUND_MASS_STORAGE
 827+ 4E88 37               scf ; set Cy
 828+ 4E89 C9               ret
 829+ 4E8A              _FOUND_MASS_STORAGE:
 830+ 4E8A B7               or a ; reset Cy
 831+ 4E8B C9               ret
 832+ 4E8C
 833+ 4E8C              ; Parse the descriptor to see if an ECM ethernet device
 834+ 4E8C              ; is connected
 835+ 4E8C              ;
 836+ 4E8C              ; Input: HL points to buffer with descriptor
 837+ 4E8C              ; Output: Cy = 0 (found), Cy = 1 (not found)
 838+ 4E8C              CHECK_DESCRIPTOR_CDC_ECM:
 839+ 4E8C CD 6B 42         call MY_GWORK
 840+ 4E8F DD E5 FD E1      ld iy, ix ; iy pointing to start of WRKAREA
 841+ 4E93 01 73 00         ld bc, WRKAREA.USB_DESCRIPTOR
 842+ 4E96 DD 09            add ix, bc ; ix pointing to buffer
 843+ 4E98                  ; init value
 844+ 4E98 3E FF            ld a, 0ffh
 845+ 4E9A FD 77 03         ld (iy+WRKAREA.USB_DEVICE_INFO.INTERFACE_ID),a
 846+ 4E9D FD 77 04         ld (iy+WRKAREA.USB_DEVICE_INFO.CONFIG_ID),a
 847+ 4EA0                  ; start searching
 848+ 4EA0 3E 02            ld a, 2 ; CDC
 849+ 4EA2 FD 77 15         ld (iy+WRKAREA.SEARCH_DEVICE_INFO.WANTED_CLASS),a
 850+ 4EA5 3E 06            ld a, 6 ; ECM
 851+ 4EA7 FD 77 16         ld (iy+WRKAREA.SEARCH_DEVICE_INFO.WANTED_SUB_CLASS),a
 852+ 4EAA 3E FF            ld a, 0ffh ; don't care
 853+ 4EAC FD 77 17         ld (iy+WRKAREA.SEARCH_DEVICE_INFO.WANTED_PROTOCOL),a
 854+ 4EAF CD 26 4E         call PARSE_USB_DESCRIPTORS
 855+ 4EB2 FD 7E 03         ld a, (iy+WRKAREA.USB_DEVICE_INFO.INTERFACE_ID)
 856+ 4EB5 FE FF            cp 0ffh
 857+ 4EB7 20 02            jr nz, _FOUND_CDC_ECM
 858+ 4EB9 37               scf ; set Cy
 859+ 4EBA C9               ret
 860+ 4EBB              _FOUND_CDC_ECM:
 861+ 4EBB B7               or a ; reset Cy
 862+ 4EBC C9               ret
 863+ 4EBD
 864+ 4EBD              ; Parse the descriptor to see if a USB hub
 865+ 4EBD              ; is connected
 866+ 4EBD              ;
 867+ 4EBD              ; Input: (none), assumed that descriptor is loaded in WRKAREA.USB_DESCRIPTOR
 868+ 4EBD              ; Output: Cy = 0 (found), Cy = 1 (not found)
 869+ 4EBD              CHECK_DESCRIPTOR_HUB:
 870+ 4EBD CD 6B 42         call MY_GWORK
 871+ 4EC0 DD E5 FD E1      ld iy, ix ; iy pointing to start of WRKAREA
 872+ 4EC4 01 73 00         ld bc, WRKAREA.USB_DESCRIPTOR
 873+ 4EC7 DD 09            add ix, bc ; ix pointing to buffer
 874+ 4EC9                  ; init value
 875+ 4EC9 3E FF            ld a, 0ffh
 876+ 4ECB FD 77 03         ld (iy+WRKAREA.USB_DEVICE_INFO.INTERFACE_ID),a
 877+ 4ECE FD 77 04         ld (iy+WRKAREA.USB_DEVICE_INFO.CONFIG_ID),a
 878+ 4ED1                  ; start searching
 879+ 4ED1 3E 09            ld a, 9 ; USB Hub device
 880+ 4ED3 FD 77 15         ld (iy+WRKAREA.SEARCH_DEVICE_INFO.WANTED_CLASS),a
 881+ 4ED6 3E 00            ld a, 0 ; always zero
 882+ 4ED8 FD 77 16         ld (iy+WRKAREA.SEARCH_DEVICE_INFO.WANTED_SUB_CLASS),a
 883+ 4EDB 3E FF            ld a, 0ffh ; don't care
 884+ 4EDD FD 77 17         ld (iy+WRKAREA.SEARCH_DEVICE_INFO.WANTED_PROTOCOL),a
 885+ 4EE0 CD 26 4E         call PARSE_USB_DESCRIPTORS
 886+ 4EE3 FD 7E 03         ld a, (iy+WRKAREA.USB_DEVICE_INFO.INTERFACE_ID)
 887+ 4EE6 FE FF            cp 0ffh
 888+ 4EE8 20 02            jr nz, _FOUND_HUB
 889+ 4EEA 37               scf ; set Cy
 890+ 4EEB C9               ret
 891+ 4EEC              _FOUND_HUB:
 892+ 4EEC B7               or a ; reset Cy
 893+ 4EED C9               ret
 894+ 4EEE
 895+ 4EEE              INIT_CDC_ECM:
 896+ 4EEE CD 6B 42         call MY_GWORK
 897+ 4EF1 DD E5 FD E1      ld iy, ix ; iy pointing to start of WRKAREA
 898+ 4EF5 01 73 00         ld bc, WRKAREA.USB_DESCRIPTOR
 899+ 4EF8 DD 09            add ix, bc ; ix pointing to buffer
 900+ 4EFA                  ; activate CDC_ECM
 901+ 4EFA FD 7E 05         ld a, (iy+WRKAREA.USB_DEVICE_INFO.MAX_PACKET_SIZE)
 902+ 4EFD 47               ld b,a
 903+ 4EFE CD FD 4A         call GET_USB_DEVICE_ADDRESS
 904+ 4F01 57               ld d, a
 905+ 4F02 FD 7E 04         ld a, (iy+WRKAREA.USB_DEVICE_INFO.CONFIG_ID)
 906+ 4F05 C5 D5            push bc,de
 907+ 4F07 CD B6 4C         call CH_SET_CONFIGURATION
 908+ 4F0A D1 C1            pop de,bc
 909+ 4F0C C9               ret
 910+ 4F0D
 911+ 4F0D              INIT_STORAGE:
 912+ 4F0D CD 6B 42         call MY_GWORK
 913+ 4F10 DD 7E 01         ld a, (ix+WRKAREA.MAX_DEVICE_ADDRESS) ; current address
 914+ 4F13 DD 77 02     	ld (ix+WRKAREA.USB_DEVICE_INFO.DEVICE_ADDRESS),a
 915+ 4F16              	; copy USB_DEVICE_INFO to STORAGE_DEVICE_INFO
 916+ 4F16 DD E5        	push ix
 917+ 4F18 01 0A 00     	ld bc, WRKAREA.STORAGE_DEVICE_INFO.BASE
 918+ 4F1B CD 84 42     	call WRKAREAPTR
 919+ 4F1E DD 54 DD 5D  	ld de, ix
 920+ 4F22 01 02 00     	ld bc, WRKAREA.USB_DEVICE_INFO.BASE
 921+ 4F25 CD 84 42     	call WRKAREAPTR
 922+ 4F28 DD E5 E1     	ld hl, ix
 923+ 4F2B 01 08 00     	ld bc, _USB_DEVICE_INFO
 924+ 4F2E ED B0        	ldir
 925+ 4F30 DD E1        	pop ix
 926+ 4F32              	; SET CONFIGURATION
 927+ 4F32 DD 56 0A     	ld d, (ix+WRKAREA.STORAGE_DEVICE_INFO.DEVICE_ADDRESS)
 928+ 4F35 DD 46 0D     	ld b, (ix+WRKAREA.STORAGE_DEVICE_INFO.MAX_PACKET_SIZE)
 929+ 4F38 DD 7E 0C     	ld a, (ix+WRKAREA.STORAGE_DEVICE_INFO.CONFIG_ID)
 930+ 4F3B CD B6 4C     	call CH_SET_CONFIGURATION
 931+ 4F3E C9               ret
 932+ 4F3F
 933+ 4F3F              ; Initialise HUB device
 934+ 4F3F              INIT_HUB:
 935+ 4F3F CD 6B 42         call MY_GWORK
 936+ 4F42 DD E5 FD E1      ld iy, ix ; iy pointing to start of WRKAREA
 937+ 4F46 01 73 00         ld bc, WRKAREA.USB_DESCRIPTOR
 938+ 4F49 DD 09            add ix, bc ; ix pointing to buffer
 939+ 4F4B                  ; activate HUB
 940+ 4F4B FD 7E 05         ld a, (iy+WRKAREA.USB_DEVICE_INFO.MAX_PACKET_SIZE)
 941+ 4F4E 47               ld b,a
 942+ 4F4F CD FD 4A         call GET_USB_DEVICE_ADDRESS
 943+ 4F52 57               ld d, a
 944+ 4F53 FD 7E 04         ld a, (iy+WRKAREA.USB_DEVICE_INFO.CONFIG_ID)
 945+ 4F56 C5 D5            push bc,de
 946+ 4F58 CD B6 4C         call CH_SET_CONFIGURATION
 947+ 4F5B D1 C1            pop de,bc
 948+ 4F5D D8               ret c
 949+ 4F5E                  ; get HUB descriptor
 950+ 4F5E DD E5 E1         ld hl, ix ; WRKAREA.USB_DESCRIPTOR
 951+ 4F61 CD 38 4D         call CH_GET_HUB_DESCRIPTOR
 952+ 4F64 D8               ret c
 953+ 4F65 DD 7E 02         ld a, (ix+HUB_DESCRIPTOR.bNrPorts)
 954+ 4F68 FD 77 18         ld (iy+WRKAREA.HUB_DEVICE_INFO.HUB_PORTS),a
 955+ 4F6B                  ; power up all ports
 956+ 4F6B 47               ld b, a ; counter
 957+ 4F6C 1E 01            ld e, 1
 958+ 4F6E 0E 08            ld c, 8 ; PORT_POWER
 959+ 4F70              _POWER_UP_AGAIN:
 960+ 4F70 7B               ld a, e
 961+ 4F71 CD 84 4D         call SET_HUB_PORT_FEATURE
 962+ 4F74 D8               ret c
 963+ 4F75 1C               inc e
 964+ 4F76 10 F8            djnz _POWER_UP_AGAIN
 965+ 4F78                  ; check which ones have something connected
 966+ 4F78 FD 7E 18         ld a, (iy+WRKAREA.HUB_DEVICE_INFO.HUB_PORTS)
 967+ 4F7B 47               ld b, a ; counter
 968+ 4F7C 1E 01            ld e, 1 ; start index 1
 969+ 4F7E              _HUB_STATUS_AGAIN:
 970+ 4F7E C5               push bc
 971+ 4F7F FD E5 E1         ld hl, iy
 972+ 4F82 01 19 00         ld bc, WRKAREA.HUB_DEVICE_INFO.HUB_PORT_STATUS
 973+ 4F85 09               add hl, bc
 974+ 4F86 FD 7E 05         ld a, (iy+WRKAREA.USB_DEVICE_INFO.MAX_PACKET_SIZE)
 975+ 4F89 47               ld b,a
 976+ 4F8A 7B               ld a, e
 977+ 4F8B CD 5D 4D         call GET_HUB_PORT_STATUS
 978+ 4F8E C1               pop bc
 979+ 4F8F D8               ret c
 980+ 4F90 7E               ld a, (hl)
 981+ 4F91 CB 47            bit 0,a ; connected
 982+ 4F93 C4 9A 4F         call nz, INIT_HUB_DEVICE
 983+ 4F96                  ;bit 1,a ; enabled
 984+ 4F96                  ;bit 2,a ; suspended
 985+ 4F96                  ;bit 3,a ; reset
 986+ 4F96                  ;inc hl
 987+ 4F96                  ;ld a, (hl)
 988+ 4F96                  ;bit 0,a ; powered
 989+ 4F96                  ;bit 1,a ; lowspeed
 990+ 4F96                  ;bit 2,a ; highspeed
 991+ 4F96                  ;bit 4,a ; indicator control
 992+ 4F96 1C               inc e
 993+ 4F97 10 E5            djnz _HUB_STATUS_AGAIN
 994+ 4F99 C9               ret
 995+ 4F9A
 996+ 4F9A              ; Input - E = portnumber on hub to initialise
 997+ 4F9A              ;         D = USB device address
 998+ 4F9A              INIT_HUB_DEVICE:
 999+ 4F9A C5 D5            push bc, de
1000+ 4F9C                  ; reset usb bus on port(s)
1001+ 4F9C 7B               ld a, e ; e contains port number
1002+ 4F9D 0E 04            ld c, 4 ; RESET
1003+ 4F9F CD 84 4D         call SET_HUB_PORT_FEATURE
1004+ 4FA2 D8               ret c
1005+ 4FA3                  ; wait 250ms
1006+ 4FA3 C5               push bc
1007+ 4FA4 01 0F 00         ld bc, WAIT_ONE_SECOND/4
1008+ 4FA7 CD 5B 4B         call WAIT
1009+ 4FAA C1               pop bc
1010+ 4FAB                  ; recursively initialise device
1011+ 4FAB CD FD 4A         call GET_USB_DEVICE_ADDRESS
1012+ 4FAE 3C               inc a
1013+ 4FAF CD 08 4B         call SET_USB_DEVICE_ADDRESS
1014+ 4FB2 CD 9C 4A         call FN_CONNECT2
1015+ 4FB5                  ;
1016+ 4FB5 D1 C1            pop de, bc
1017+ 4FB7 C9               ret
1018+ 4FB8
1019+ 4FB8                  include "usb_descriptors.asm"
# file opened: usb_descriptors.asm
   1++4FB8              ;
   2++4FB8              ; usb_descriptors.ASM - UNAPI compliant MSX USB driver
   3++4FB8              ; Copyright (c) 2020 Mario Smit (S0urceror)
   4++4FB8              ;
   5++4FB8              ; This program is free software: you can redistribute it and/or modify
   6++4FB8              ; it under the terms of the GNU General Public License as published by
   7++4FB8              ; the Free Software Foundation, version 3.
   8++4FB8              ;
   9++4FB8              ; This program is distributed in the hope that it will be useful, but
  10++4FB8              ; WITHOUT ANY WARRANTY; without even the implied warranty of
  11++4FB8              ; MERCHANTABILITY or FITNESS FOR A PARTICULAR PURPOSE. See the GNU
  12++4FB8              ; General Public License for more details.
  13++4FB8              ;
  14++4FB8              ; You should have received a copy of the GNU General Public License
  15++4FB8              ; along with this program. If not, see <http://www.gnu.org/licenses/>.
  16++4FB8              ;
  17++4FB8                  STRUCT DEVICE_DESCRIPTOR
  18++4FB8 ~            BASE:
  19++4FB8 ~            bLength: db
  20++4FB8 ~            bDescriptorType: db
  21++4FB8 ~            bcdUSB: dw
  22++4FB8 ~            bDeviceClass: db
  23++4FB8 ~            bDeviceSubClass: db
  24++4FB8 ~            bDeviceProtocol: db
  25++4FB8 ~            bMaxPacketSize0: db
  26++4FB8 ~            idVendor: dw
  27++4FB8 ~            idProduct: dw
  28++4FB8 ~            bcdDevice: dw
  29++4FB8 ~            iManufacturer: db
  30++4FB8 ~            iProduct: db
  31++4FB8 ~            iSerialNumber: db
  32++4FB8 ~            bNumConfigurations: db
  33++4FB8                  ENDS
  34++4FB8
  35++4FB8                  STRUCT CONFIG_DESCRIPTOR
  36++4FB8 ~            BASE:
  37++4FB8 ~            bLength: DB
  38++4FB8 ~            bDescriptorType: DB
  39++4FB8 ~            wTotalLength: DW
  40++4FB8 ~            bNumInterfaces: DB
  41++4FB8 ~            bConfigurationvalue: DB
  42++4FB8 ~            iConfiguration: DB
  43++4FB8 ~            bmAttributes: DB
  44++4FB8 ~            bMaxPower: DB
  45++4FB8                  ENDS
  46++4FB8
  47++4FB8                  STRUCT INTERFACE_DESCRIPTOR
  48++4FB8 ~            bLength: DB
  49++4FB8 ~            bDescriptorType: DB
  50++4FB8 ~            bInterfaceNumber: DB
  51++4FB8 ~            bAlternateSetting: DB
  52++4FB8 ~            bNumEndpoints: DB
  53++4FB8 ~            bInterfaceClass: DB
  54++4FB8 ~            bInterfaceSubClass: DB
  55++4FB8 ~            bInterfaceProtocol: DB
  56++4FB8 ~            iInterface: DB
  57++4FB8                  ENDS
  58++4FB8
  59++4FB8                 STRUCT HID_DESCRIPTOR
  60++4FB8 ~            bLength: DB
  61++4FB8 ~            bDescriptorType: DB
  62++4FB8 ~            hid_version: DW
  63++4FB8 ~            country_code: DB
  64++4FB8 ~            num_descriptors: DB
  65++4FB8 ~            descriptor_type: DB
  66++4FB8 ~            descriptor_length: DW
  67++4FB8                  ENDS
  68++4FB8
  69++4FB8                  STRUCT ENDPOINT_DESCRIPTOR
  70++4FB8 ~            bLength: DB
  71++4FB8 ~            bDescriptorType: DB
  72++4FB8 ~            bEndpointAddress: DB
  73++4FB8 ~            bmAttributes: DB
  74++4FB8 ~            wMaxPacketSize: DW
  75++4FB8 ~            bInterval: DB
  76++4FB8                  ENDS
  77++4FB8
  78++4FB8                  STRUCT HUB_DESCRIPTOR
  79++4FB8 ~            bLength: DB
  80++4FB8 ~            bDescriptorType: DB
  81++4FB8 ~            bNrPorts: DB
  82++4FB8 ~            wHubCharacteristics: DW
  83++4FB8 ~            bPwrOn2PwrGood: DB
  84++4FB8 ~            bHubContrCurrent: DB
  85++4FB8 ~            bDeviceRemovable: DB
  86++4FB8 ~            bPortPwrCtrlMask: DB
  87++4FB8                  ENDS
# file closed: usb_descriptors.asm
1020+ 4FB8              	include "unapi.asm"
# file opened: unapi.asm
   1++4FB8              ;
   2++4FB8              ; unapi.ASM - UNAPI compliant MSX USB driver
   3++4FB8              ; Copyright (c) 2020 Mario Smit (S0urceror)
   4++4FB8              ;
   5++4FB8              ; This program is free software: you can redistribute it and/or modify
   6++4FB8              ; it under the terms of the GNU General Public License as published by
   7++4FB8              ; the Free Software Foundation, version 3.
   8++4FB8              ;
   9++4FB8              ; This program is distributed in the hope that it will be useful, but
  10++4FB8              ; WITHOUT ANY WARRANTY; without even the implied warranty of
  11++4FB8              ; MERCHANTABILITY or FITNESS FOR A PARTICULAR PURPOSE. See the GNU
  12++4FB8              ; General Public License for more details.
  13++4FB8              ;
  14++4FB8              ; You should have received a copy of the GNU General Public License
  15++4FB8              ; along with this program. If not, see <http://www.gnu.org/licenses/>.
  16++4FB8              ;
  17++4FB8              ARG:    equ  0F847h
  18++4FB8              HOKVLD: equ  0FB20h
  19++4FB8              EXPTBL: equ  0FCC1h
  20++4FB8              EXTBIO: equ  0FFCAh
  21++4FB8              SLTWRK: equ  0FD09h
  22++4FB8              ;First direct driver call entry point
  23++4FB8              DRV_DIRECT0: equ 7850h
  24++4FB8
  25++4FB8              DO_EXTBIO:
  26++4FB8 E5               push  hl
  27++4FB9 C5               push  bc
  28++4FBA F5               push  af
  29++4FBB                  ;Check for 0x2222
  30++4FBB 7A               ld  a,d
  31++4FBC FE 22            cp  22h
  32++4FBE 20 46            jr  nz,JUMP_OLD
  33++4FC0 BB               cp  e
  34++4FC1 20 43            jr  nz,JUMP_OLD
  35++4FC3                  ;Check API ID
  36++4FC3 21 42 50         ld  hl,UNAPI_ID
  37++4FC6 11 47 F8         ld  de,ARG
  38++4FC9              LOOP:
  39++4FC9 1A               ld  a,(de)
  40++4FCA CD 24 50         call  TOUPPER
  41++4FCD BE               cp  (hl)
  42++4FCE 20 33            jr  nz,JUMP_OLD2 ; does not match our API
  43++4FD0 23               inc  hl
  44++4FD1 13               inc  de
  45++4FD2 B7               or  a
  46++4FD3 20 F4            jr  nz,LOOP
  47++4FD5
  48++4FD5                  ;A=255: Jump to old hook
  49++4FD5                  ;ignore, for RAM helper
  50++4FD5 F1               pop  af
  51++4FD6 F5               push  af
  52++4FD7 3C               inc  a
  53++4FD8 28 29            jr  z,JUMP_OLD2
  54++4FDA                  ;A=0: B=B+1 and jump to old hook
  55++4FDA F1               pop  af
  56++4FDB C1               pop  bc
  57++4FDC B7               or  a
  58++4FDD 20 06            jr  nz,DO_EXTBIO2
  59++4FDF                  ;A=0: B=B+1 and jump to old hook
  60++4FDF                  ;count the number of implementations of this API
  61++4FDF 04               inc b
  62++4FE0 E1               pop hl
  63++4FE1 11 22 22         ld  de,2222h
  64++4FE4 C9               ret
  65++4FE5
  66++4FE5              DO_EXTBIO2:
  67++4FE5                  ;A=Implementation Nr: Return A=Slot, B=Segment, HL=UNAPI entry address
  68++4FE5                  ; check which implementation?
  69++4FE5 3D               dec  a
  70++4FE6 20 16            jr  nz,DO_EXTBIO3
  71++4FE8                  ; our implementation, return address and slot
  72++4FE8 E1               pop  hl
  73++4FE9 AF               xor a
  74++4FEA DD 21 2D 40      ld ix,GSLOT1
  75++4FEE CD 42 40         call CALBNK
  76++4FF1 06 FF            ld  b,0FFh
  77++4FF3 21 50 78         ld  hl, DRV_DIRECT0 ;UNAPI_ENTRY
  78++4FF6 11 22 22         ld  de,2222h
  79++4FF9 D9               exx
  80++4FFA 16 00            ld d,0  ;D'=0 --> don't execute old hook
  81++4FFC D9               exx
  82++4FFD C9               ret
  83++4FFE
  84++4FFE                  ;A>1: A=A-1, and jump to old hook
  85++4FFE                  ; not our implementation, check next one
  86++4FFE              DO_EXTBIO3:
  87++4FFE                  ;A=A-1 already done
  88++4FFE E1               pop hl
  89++4FFF 11 22 22         ld  de,2222h
  90++5002 C9               ret
  91++5003
  92++5003              ;--- Jump here to execute old EXTBIO code
  93++5003              JUMP_OLD2:
  94++5003 11 22 22         ld  de,2222h
  95++5006              JUMP_OLD:
  96++5006                  ;Assumes "push hl,bc,af" done
  97++5006 F1               pop  af
  98++5007 C1               pop  bc
  99++5008 E1               pop  hl
 100++5009 C9               ret
 101++500A
 102++500A              UNAPI_ENTRY:
 103++500A E5               push  hl
 104++500B F5               push  af
 105++500C 21 32 4A         ld  hl,FN_TABLE
 106++500F                  ; check if requested function nr < MAX_FN+1
 107++500F FE 0A            cp  MAX_FN+1
 108++5011 30 0E            jr  nc,UNAPI_UNDEFINED
 109++5013
 110++5013              UNAPI_OK:
 111++5013                  ; function nr times 2
 112++5013 87               add  a,a
 113++5014 D5               push  de
 114++5015 5F               ld  e,a
 115++5016 16 00            ld  d,0
 116++5018 19               add  hl,de
 117++5019 D1               pop  de
 118++501A                  ; load in HL
 119++501A 7E               ld  a,(hl)
 120++501B 23               inc  hl
 121++501C 66               ld  h,(hl)
 122++501D 6F               ld  l,a
 123++501E                  ; jump in
 124++501E F1               pop  af
 125++501F E3               ex  (sp),hl
 126++5020 C9               ret
 127++5021
 128++5021              ;--- Undefined function: return with registers unmodified
 129++5021              UNAPI_UNDEFINED:
 130++5021 F1               pop  af
 131++5022 E1               pop  hl
 132++5023 C9               ret
 133++5024
 134++5024              ;****************************
 135++5024              ;***  AUXILIARY ROUTINES  ***
 136++5024              ;****************************
 137++5024
 138++5024              ;--- Convert a character to upper-case if it is a lower-case letter
 139++5024              TOUPPER:
 140++5024 FE 61          cp  "a"
 141++5026 D8             ret  c
 142++5027 FE 7B          cp  "z"+1
 143++5029 D0             ret  nc
 144++502A E6 DF          and  0DFh
 145++502C C9             ret
# file closed: unapi.asm
1021+ 502D
1022+ 502D 2B 55 4E 41  TXT_UNAPI_INIT DB "+UNAPI initialised\r\n",0
1022+ 5031 50 49 20 69
1022+ 5035 6E 69 74 69
1022+ 5039 61 6C 69 73
1022+ 503D 65 64 0D 0A
1022+ 5041 00
1023+ 5042 4D 53 58 55  UNAPI_ID DB "MSXUSB",0
1023+ 5046 53 42 00
1024+ 5049              ;UNAPI_INFO: db "MSXUSB driver by Sourceror",0
1025+ 5049              ;Moved to start of unused space in Nextor kernel
1026+ 5049              UNAPI_INFO: equ 7BD0h
# file closed: usbhost.asm
 956  5049              	include "nextordirect.asm"
# file opened: nextordirect.asm
   1+ 5049              ;
   2+ 5049              ; nextordirect.ASM - directly call into nextor driver code
   3+ 5049              ; Copyright (c) 2020 Mario Smit (S0urceror)
   4+ 5049              ;
   5+ 5049              ; This program is free software: you can redistribute it and/or modify
   6+ 5049              ; it under the terms of the GNU General Public License as published by
   7+ 5049              ; the Free Software Foundation, version 3.
   8+ 5049              ;
   9+ 5049              ; This program is distributed in the hope that it will be useful, but
  10+ 5049              ; WITHOUT ANY WARRANTY; without even the implied warranty of
  11+ 5049              ; MERCHANTABILITY or FITNESS FOR A PARTICULAR PURPOSE. See the GNU
  12+ 5049              ; General Public License for more details.
  13+ 5049              ;
  14+ 5049              ; You should have received a copy of the GNU General Public License
  15+ 5049              ; along with this program. If not, see <http://www.gnu.org/licenses/>.
  16+ 5049              ;
  17+ 5049
  18+ 5049              ;EXPTBL:     equ 0FCC1h
  19+ 5049              ;CALBNK:	    equ	04042h
  20+ 5049              ENASLT:     equ 0024h
  21+ 5049
  22+ 5049              NXT_DIRECT_WRKAREA:
  23+ 5049 DD E5            push ix
  24+ 504B 01 9B 01         ld bc, WRKAREA.NXT_DIRECT
  25+ 504E CD 84 42     	call WRKAREAPTR
  26+ 5051 DD E5            push ix
  27+ 5053 D1               pop de
  28+ 5054 21 5F 50         ld hl, NXT_DIRECT_START
  29+ 5057 01 53 00         ld bc, NXT_DIRECT_END - NXT_DIRECT_START
  30+ 505A ED B0            ldir
  31+ 505C DD E1            pop ix
  32+ 505E C9               ret
  33+ 505F
  34+ 505F              ; Example jumptable
  35+ 505F              ;    call NXT_DIRECT ; 3 bytes - call to switching code
  36+ 505F              ;    DB 1            ; 1 byte  - ROM slot number
  37+ 505F              ;    DB 7            ; 1 byte  - ROM segment
  38+ 505F              ;    DW FN_CHECK     ; 2 bytes - address to call
  39+ 505F                                   ; =============
  40+ 505F                                   ; 7 bytes total per entry
  41+ 505F
  42+ 505F              NXT_DIRECT_START:
  43+ 505F D9               exx         ; save registers
  44+ 5060 08               ex af,af'   ; save flags
  45+ 5061                  ; get all the parameters following our instruction pointed by stack
  46+ 5061 E3               ex (sp),hl
  47+ 5062 46               ld b, (hl)
  48+ 5063 23               inc hl
  49+ 5064 4E               ld c, (hl)
  50+ 5065 23               inc hl
  51+ 5066 5E               ld e, (hl)
  52+ 5067 23               inc hl
  53+ 5068 56               ld d, (hl)
  54+ 5069 E3               ex (sp),hl
  55+ 506A                  ; ld ix, de
  56+ 506A D5               push de
  57+ 506B DD E1            pop ix
  58+ 506D                  ; store current slot for page 1
  59+ 506D 18 1B            jr _GETSLT1_
  60+ 506F
  61+ 506F              _NXT_DIRECT_CONTINUE:
  62+ 506F F5               push af
  63+ 5070                  ; select ROM slot
  64+ 5070 78               ld a, b
  65+ 5071 26 40            ld h, 40h
  66+ 5073 C5               push bc
  67+ 5074 CD 24 00         call ENASLT
  68+ 5077 FB               ei
  69+ 5078 C1               pop bc
  70+ 5079                  ; call Nextor Function
  71+ 5079 79               ld a, c
  72+ 507A D9               exx ; load registers
  73+ 507B CD 42 40         call CALBNK ; Important to use this instead of DRV_DIRECTx calls
  74+ 507E                              ; DRV_DIRECTx is only on bank 0 which could be switched away when interrupt routine fires
  75+ 507E                              ; CALBNK is smart enough to store old bank number and switch back after done
  76+ 507E 08               ex af,af' ; save A + Flags
  77+ 507F D9               exx       ; save registers
  78+ 5080                  ; and back
  79+ 5080 F1               pop af
  80+ 5081 CD 24 00         call ENASLT
  81+ 5084 FB               ei
  82+ 5085                  ;
  83+ 5085 D9               exx       ; load registers
  84+ 5086 08               ex af,af' ; load A + Flags
  85+ 5087 33               inc sp ; go back to previous stack entry, saves a RET in the jumptable
  86+ 5088 33               inc sp
  87+ 5089 C9               ret
  88+ 508A
  89+ 508A              ;--- Get slot connected on page 1
  90+ 508A              ;    Input:  -
  91+ 508A              ;    Output: A = Slot number
  92+ 508A              ;    Modifies: AF, HL, E, BC
  93+ 508A              _GETSLT1_:
  94+ 508A C5 D5 E5         push bc,de,hl
  95+ 508D DB A8            in  a,(0A8h)
  96+ 508F 5F               ld  e,a
  97+ 5090 E6 0C            and  00001100b
  98+ 5092 CB 2F            sra  a
  99+ 5094 CB 2F            sra  a
 100+ 5096 4F               ld  c,a  ;C = Slot
 101+ 5097 06 00            ld  b,0
 102+ 5099 21 C1 FC         ld  hl,EXPTBL
 103+ 509C 09               add  hl,bc
 104+ 509D CB 7E            bit  7,(hl)
 105+ 509F 28 0B            jr  z,_NOEXP1_
 106+ 50A1              _EXP1_:
 107+ 50A1 23               inc  hl
 108+ 50A2 23               inc  hl
 109+ 50A3 23               inc  hl
 110+ 50A4 23               inc  hl
 111+ 50A5 7E               ld  a,(hl)
 112+ 50A6 E6 0C            and  00001100b
 113+ 50A8 B1               or  c
 114+ 50A9 F6 80            or  80h
 115+ 50AB 4F               ld  c,a
 116+ 50AC              _NOEXP1_:
 117+ 50AC 79               ld  a,c
 118+ 50AD E1 D1 C1         pop hl,de,bc
 119+ 50B0 18 BD            jr _NXT_DIRECT_CONTINUE
 120+ 50B2
 121+ 50B2 00           NXT_DIRECT_END: DB 0
# file closed: nextordirect.asm
 957  50B3              	include "scsi.asm"
# file opened: scsi.asm
   1+ 50B3              ;
   2+ 50B3              ; scsi.ASM - scsi command set for low level usb storage
   3+ 50B3              ; Copyright (c) 2020 Mario Smit (S0urceror)
   4+ 50B3              ;
   5+ 50B3              ; This program is free software: you can redistribute it and/or modify
   6+ 50B3              ; it under the terms of the GNU General Public License as published by
   7+ 50B3              ; the Free Software Foundation, version 3.
   8+ 50B3              ;
   9+ 50B3              ; This program is distributed in the hope that it will be useful, but
  10+ 50B3              ; WITHOUT ANY WARRANTY; without even the implied warranty of
  11+ 50B3              ; MERCHANTABILITY or FITNESS FOR A PARTICULAR PURPOSE. See the GNU
  12+ 50B3              ; General Public License for more details.
  13+ 50B3              ;
  14+ 50B3              ; You should have received a copy of the GNU General Public License
  15+ 50B3              ; along with this program. If not, see <http://www.gnu.org/licenses/>.
  16+ 50B3              ;
  17+ 50B3
  18+ 50B3                  include "scsi_helpers.asm"
# file opened: scsi_helpers.asm
   1++50B3              ;
   2++50B3              ; scsi_helpers.ASM - scsi command set for low level usb storage
   3++50B3              ; Copyright (c) 2020 Mario Smit (S0urceror)
   4++50B3              ;
   5++50B3              ; This program is free software: you can redistribute it and/or modify
   6++50B3              ; it under the terms of the GNU General Public License as published by
   7++50B3              ; the Free Software Foundation, version 3.
   8++50B3              ;
   9++50B3              ; This program is distributed in the hope that it will be useful, but
  10++50B3              ; WITHOUT ANY WARRANTY; without even the implied warranty of
  11++50B3              ; MERCHANTABILITY or FITNESS FOR A PARTICULAR PURPOSE. See the GNU
  12++50B3              ; General Public License for more details.
  13++50B3              ;
  14++50B3              ; You should have received a copy of the GNU General Public License
  15++50B3              ; along with this program. If not, see <http://www.gnu.org/licenses/>.
  16++50B3              ;
  17++50B3                  STRUCT _SCSI_COMMAND_BLOCK_WRAPPER
  18++50B3 ~            BASE:
  19++50B3 ~            CBWSIGNATURE:           DB 0x55
  20++50B3 ~                                    DB 0x53
  21++50B3 ~                                    DB 0x42
  22++50B3 ~                                    DB 0x43
  23++50B3 ~            CBWTAG:                 DS 4,0
  24++50B3 ~            CBWDATATRANSFERLENGTH:  DS 4,0
  25++50B3 ~            CBWFLAGS:               DB 0
  26++50B3 ~            CBWLUN:                 DB 0
  27++50B3 ~            CBWCBLENGTH:            DB 0
  28++50B3                  ENDS
  29++50B3
  30++50B3                  STRUCT _SCSI_COMMAND_STATUS_WRAPPER
  31++50B3 ~            BASE:
  32++50B3 ~            CBWSIGNATURE:   DS 4,0
  33++50B3 ~            CBWTAG:         DS 4,0
  34++50B3 ~            CBWRESIDUE      DS 4,0
  35++50B3 ~            CBWSTATUS:      DB 0
  36++50B3                  ENDS
  37++50B3
  38++50B3              	STRUCT _SCSI_PACKET_INQUIRY		; Contains information about a specific device
  39++50B3 ~            BASE:				; Offset to the base of the data structure
  40++50B3 ~            OPERATION_CODE: 	db 0x12
  41++50B3 ~            LUN:	            db 0
  42++50B3 ~            RESERVED1:			db 0
  43++50B3 ~            RESERVED2:		    db 0
  44++50B3 ~            ALLOCATION_LENGTH:  db 0x24
  45++50B3 ~            RESERVED3:		    db 0
  46++50B3 ~            PAD:                ds 6,0
  47++50B3              	ENDS
  48++50B3
  49++50B3                  STRUCT _SCSI_PACKET_TEST
  50++50B3 ~            BASE:				; Offset to the base of the data structure
  51++50B3 ~            OPERATION_CODE: 	db 0x00
  52++50B3 ~            LUN:	            db 0
  53++50B3 ~            RESERVED1:			db 0
  54++50B3 ~            RESERVED2:		    db 0
  55++50B3 ~            RESERVED3:		    db 0
  56++50B3 ~            RESERVED4:		    db 0
  57++50B3 ~            PAD:                ds 6,0
  58++50B3                  ENDS
  59++50B3
  60++50B3                  STRUCT _SCSI_PACKET_REQUEST_SENSE
  61++50B3 ~            BASE:				; Offset to the base of the data structure
  62++50B3 ~            OPERATION_CODE: 	db 0x03
  63++50B3 ~            LUN:	            db 0
  64++50B3 ~            RESERVED1:			db 0
  65++50B3 ~            RESERVED2:		    db 0
  66++50B3 ~            ALLOCATION_LENGTH:  db 18
  67++50B3 ~            RESERVED3:		    db 0
  68++50B3 ~            PAD:                ds 6,0
  69++50B3                  ENDS
  70++50B3
  71++50B3                  STRUCT _SCSI_PACKET_READ
  72++50B3 ~            BASE:				; Offset to the base of the data structure
  73++50B3 ~            OPERATION_CODE: 	db 0x28
  74++50B3 ~            LUN:	            db 0
  75++50B3 ~            LBA:                dw 0 ; high-endian block number
  76++50B3 ~                                dw 0
  77++50B3 ~            RESERVED1:			db 0
  78++50B3 ~            TRANSFER_LEN:       dw 0 ; high-endian in blocks of block_len (see SCSI_CAPACITY)
  79++50B3 ~            RESERVED2:		    db 0
  80++50B3 ~            PAD:                ds 2,0
  81++50B3                  ENDS
  82++50B3
  83++50B3                  STRUCT _SCSI_PACKET_WRITE
  84++50B3 ~            BASE:				; Offset to the base of the data structure
  85++50B3 ~            OPERATION_CODE: 	db 0x2a
  86++50B3 ~            LUN:	            db 0
  87++50B3 ~            LBA:                dw 0 ; high-endian block number
  88++50B3 ~                                dw 0
  89++50B3 ~            RESERVED1:			db 0
  90++50B3 ~            TRANSFER_LEN:       dw 0 ; high-endian in blocks of block_len (see SCSI_CAPACITY)
  91++50B3 ~            RESERVED2:		    db 0
  92++50B3 ~            PAD:                ds 2,0
  93++50B3                  ENDS
# file closed: scsi_helpers.asm
  19+ 50B3
  20+ 50B3              ; Input:  A = USB storage device id
  21+ 50B3              ;         B = LUN number
  22+ 50B3              ;         C = CMD buffer length
  23+ 50B3              ;         DE = send/recv buffer length
  24+ 50B3              ;		  HL = points to CMD to send
  25+ 50B3              ;		  IX = points to buffer to send/receive
  26+ 50B3              ;         Cy=0 to read, 1 to write
  27+ 50B3              ; Output: Cy when error
  28+ 50B3              DO_SCSI_CMD:
  29+ 50B3 DD E5 F5 D5      push ix, af, de, bc, hl ; +++++
  29+ 50B7 C5 E5
  30+ 50B9 01 1F 00         ld bc, WRKAREA.SCSI_DEVICE_INFO.BUFFER
  31+ 50BC CD 84 42         call WRKAREAPTR
  32+ 50BF DD E5 FD E1      ld iy,ix
  33+ 50C3                  ;;;;;;;;;;;;;;;;;;;;;;;;;;;;;;;;;;;;;;;;;;;;;;;;;;;;;;
  34+ 50C3                  ; SEND CBW
  35+ 50C3                  ;;;;;;;;;;;;;;;;;;;;;;;;;;;;;;;;;;;;;;;;;;;;;;;;;;;;;;
  36+ 50C3                  ; prepare CBW
  37+ 50C3                  ; copy template
  38+ 50C3 FD 54 FD 5D      ld de, iy
  39+ 50C7 01 0F 00         ld bc, _SCSI_COMMAND_BLOCK_WRAPPER
  40+ 50CA 21 C3 53         ld hl, SCSI_COMMAND_BLOCK_WRAPPER
  41+ 50CD ED B0            ldir
  42+ 50CF                  ; copy CMD
  43+ 50CF E1 C1            pop hl, bc ; +++
  44+ 50D1 C5               push bc ; ++++
  45+ 50D2 06 00            ld b, 0
  46+ 50D4 ED B0            ldir
  47+ 50D6 C1               pop bc ; +++
  48+ 50D7 D1               pop de ; ++
  49+ 50D8                  ; set transfer length
  50+ 50D8 FD E5 DD E1      ld ix, iy ; ix points now to SCSI_COMMAND_BLOCK
  51+ 50DC DD 70 0D         ld (ix+_SCSI_COMMAND_BLOCK_WRAPPER.CBWLUN),b
  52+ 50DF DD 71 0E         ld (ix+_SCSI_COMMAND_BLOCK_WRAPPER.CBWCBLENGTH),c
  53+ 50E2 DD 73 08         ld (ix+_SCSI_COMMAND_BLOCK_WRAPPER.CBWDATATRANSFERLENGTH),e
  54+ 50E5 DD 72 09         ld (ix+_SCSI_COMMAND_BLOCK_WRAPPER.CBWDATATRANSFERLENGTH+1),d
  55+ 50E8                  ; set tag
  56+ 50E8 01 E1 FF         ld bc, WRKAREA.BASE - WRKAREA.SCSI_DEVICE_INFO.BUFFER
  57+ 50EB FD 09            add iy, bc ; iy points now to WRKAREA
  58+ 50ED FD 7E 1D         ld a, (iy+WRKAREA.SCSI_DEVICE_INFO.TAG)
  59+ 50F0 DD 77 04         ld (ix+_SCSI_COMMAND_BLOCK_WRAPPER.CBWTAG),a
  60+ 50F3 3C               inc a
  61+ 50F4 FD 77 1D         ld (iy+WRKAREA.SCSI_DEVICE_INFO.TAG),a
  62+ 50F7 F1               pop af ; usb_storage_device_id +
  63+ 50F8 F5               push af ; usb_storage_device_id ++
  64+ 50F9                  ; CBWFLAGS is zero by default, indicates write
  65+ 50F9 38 04            jr c, _DO_SCSI_CMD_WRITE
  66+ 50FB              _DO_SCSI_CMD_READ:
  67+ 50FB                  ; CBWFLAGS indicates read
  68+ 50FB DD CB 0C FE      set 7,(ix+_SCSI_COMMAND_BLOCK_WRAPPER.CBWFLAGS)
  69+ 50FF              _DO_SCSI_CMD_WRITE:
  70+ 50FF DD E5 E1         ld hl, ix
  71+ 5102 FD 7E 0D         ld a, (iy+WRKAREA.STORAGE_DEVICE_INFO.MAX_PACKET_SIZE)
  72+ 5105 57               ld d, a
  73+ 5106 FD 7E 0F         ld a, (iy+WRKAREA.STORAGE_DEVICE_INFO.DATA_BULK_OUT_ENDPOINT_ID)
  74+ 5109 5F               ld e, a
  75+ 510A FD 7E 11         ld a, (iy+WRKAREA.STORAGE_DEVICE_INFO.DATA_BULK_OUT_ENDPOINT_TOGGLE)
  76+ 510D 17               rla ; move bit 7 to Cy
  77+ 510E C1               pop bc ; usb_storage_device_id +
  78+ 510F C5               push bc ; usb_storage_device_id ++
  79+ 5110 78               ld a, b
  80+ 5111 01 1F 00         ld bc, _SCSI_COMMAND_BLOCK_WRAPPER+16 ; 16 byte commands + wrapper
  81+ 5114 FD E5            push iy ; +++
  82+ 5116 CD 1F 49         call HW_DATA_OUT_TRANSFER
  83+ 5119 FD E1            pop iy ; ++
  84+ 511B F5               push af ; 0 or error_code +++
  85+ 511C 3E 00            ld a, 0
  86+ 511E 1F               rra ; move Cy to bit 7
  87+ 511F FD 77 11         ld (iy+WRKAREA.STORAGE_DEVICE_INFO.DATA_BULK_OUT_ENDPOINT_TOGGLE),a
  88+ 5122 F1               pop af ; 0 or error_code ++
  89+ 5123 A7               and a
  90+ 5124 28 05            jr z, _DO_SCSI_CMD_PAYLOAD
  91+ 5126 F1               pop af ; usb_storage_device_id +
  92+ 5127 DD E1            pop ix ;
  93+ 5129 37               scf
  94+ 512A C9               ret ; error
  95+ 512B                  ;;;;;;;;;;;;;;;;;;;;;;;;;;;;;;;;;;;;;;;;;;;;;;;;;;;;;;
  96+ 512B                  ; SEND or RECEIVE PAYLOAD
  97+ 512B                  ;;;;;;;;;;;;;;;;;;;;;;;;;;;;;;;;;;;;;;;;;;;;;;;;;;;;;;
  98+ 512B              _DO_SCSI_CMD_PAYLOAD:
  99+ 512B DD 5E 08         ld e,(ix+_SCSI_COMMAND_BLOCK_WRAPPER.CBWDATATRANSFERLENGTH)
 100+ 512E DD 56 09         ld d,(ix+_SCSI_COMMAND_BLOCK_WRAPPER.CBWDATATRANSFERLENGTH+1)
 101+ 5131 7B               ld a, e
 102+ 5132 B2               or d
 103+ 5133 28 51            jr z, _DO_SCSI_CMD_RCV_COMMAND_STATUS_WRAPPER ; no use to read or write zero bytes, skip
 104+ 5135                  ; do read or write?
 105+ 5135 DD 7E 0C         ld a,(ix+_SCSI_COMMAND_BLOCK_WRAPPER.CBWFLAGS)
 106+ 5138 CB 7F            bit 7,a
 107+ 513A 28 26            jr z, _DO_SCSI_CMD_WRITE3
 108+ 513C                  ; READ response from USB SCSI device to IX
 109+ 513C FD 7E 0D         ld a, (iy+WRKAREA.STORAGE_DEVICE_INFO.MAX_PACKET_SIZE)
 110+ 513F 57               ld d, a
 111+ 5140 FD 7E 0E         ld a, (iy+WRKAREA.STORAGE_DEVICE_INFO.DATA_BULK_IN_ENDPOINT_ID)
 112+ 5143 5F               ld e, a
 113+ 5144 FD 7E 10         ld a, (iy+WRKAREA.STORAGE_DEVICE_INFO.DATA_BULK_IN_ENDPOINT_TOGGLE)
 114+ 5147 17               rla ; move bit 7 to Cy
 115+ 5148 C1               pop bc ; usb_storage_device_id +
 116+ 5149 E1               pop hl ; was ix passed to DO_SCSI_CMD = read/write buffer
 117+ 514A E5               push hl ; +
 118+ 514B C5               push bc ; usb_storage_device_id ++
 119+ 514C 78               ld a, b
 120+ 514D DD 4E 08         ld c,(ix+_SCSI_COMMAND_BLOCK_WRAPPER.CBWDATATRANSFERLENGTH)
 121+ 5150 DD 46 09         ld b,(ix+_SCSI_COMMAND_BLOCK_WRAPPER.CBWDATATRANSFERLENGTH+1)
 122+ 5153 FD E5            push iy ; ++
 123+ 5155 CD D2 48         call HW_DATA_IN_TRANSFER
 124+ 5158 FD E1            pop iy ; +
 125+ 515A 3E 00            ld a, 0
 126+ 515C 1F               rra ; move Cy to bit 7
 127+ 515D FD 77 10         ld (iy+WRKAREA.STORAGE_DEVICE_INFO.DATA_BULK_IN_ENDPOINT_TOGGLE),a
 128+ 5160 18 24            jr _DO_SCSI_CMD_RCV_COMMAND_STATUS_WRAPPER
 129+ 5162              _DO_SCSI_CMD_WRITE3:
 130+ 5162                  ; WRITE contents IX to USB SCSI device
 131+ 5162 FD 7E 0D         ld a, (iy+WRKAREA.STORAGE_DEVICE_INFO.MAX_PACKET_SIZE)
 132+ 5165 57               ld d, a
 133+ 5166 FD 7E 0F         ld a, (iy+WRKAREA.STORAGE_DEVICE_INFO.DATA_BULK_OUT_ENDPOINT_ID)
 134+ 5169 5F               ld e, a
 135+ 516A FD 7E 11         ld a, (iy+WRKAREA.STORAGE_DEVICE_INFO.DATA_BULK_OUT_ENDPOINT_TOGGLE)
 136+ 516D 17               rla ; move bit 7 to Cy
 137+ 516E C1               pop bc ; usb_storage_device_id +
 138+ 516F E1               pop hl ; was ix passed to DO_SCSI_CMD = read/write buffer
 139+ 5170 E5               push hl ; +
 140+ 5171 C5               push bc ; usb_storage_device_id ++
 141+ 5172 78               ld a, b
 142+ 5173 DD 4E 08         ld c,(ix+_SCSI_COMMAND_BLOCK_WRAPPER.CBWDATATRANSFERLENGTH)
 143+ 5176 DD 46 09         ld b,(ix+_SCSI_COMMAND_BLOCK_WRAPPER.CBWDATATRANSFERLENGTH+1)
 144+ 5179 FD E5            push iy ; ++
 145+ 517B CD 1F 49         call HW_DATA_OUT_TRANSFER
 146+ 517E FD E1            pop iy ; +
 147+ 5180 3E 00            ld a, 0
 148+ 5182 1F               rra ; move Cy to bit 7
 149+ 5183 FD 77 11         ld (iy+WRKAREA.STORAGE_DEVICE_INFO.DATA_BULK_OUT_ENDPOINT_TOGGLE),a
 150+ 5186              _DO_SCSI_CMD_RCV_COMMAND_STATUS_WRAPPER:
 151+ 5186                  ;;;;;;;;;;;;;;;;;;;;;;;;;;;;;;;;;;;;;;;;;;;;;;;;;;;;;;
 152+ 5186                  ; RECEIVE CSW
 153+ 5186                  ;;;;;;;;;;;;;;;;;;;;;;;;;;;;;;;;;;;;;;;;;;;;;;;;;;;;;;
 154+ 5186                  ; read back CSW
 155+ 5186                  ; data_in_transfer
 156+ 5186                  ; check if all went right, set Cy accordingly
 157+ 5186 FD E5 E1         ld hl, iy
 158+ 5189 01 43 00         ld bc, WRKAREA.SCSI_DEVICE_INFO.CSW
 159+ 518C 09               add hl,bc
 160+ 518D E5 DD E1         ld ix, hl
 161+ 5190 FD 7E 0D         ld a, (iy+WRKAREA.STORAGE_DEVICE_INFO.MAX_PACKET_SIZE)
 162+ 5193 57               ld d, a
 163+ 5194 FD 7E 0E         ld a, (iy+WRKAREA.STORAGE_DEVICE_INFO.DATA_BULK_IN_ENDPOINT_ID)
 164+ 5197 5F               ld e, a
 165+ 5198 FD 7E 10         ld a, (iy+WRKAREA.STORAGE_DEVICE_INFO.DATA_BULK_IN_ENDPOINT_TOGGLE)
 166+ 519B 17               rla ; move bit 7 to Cy
 167+ 519C C1               pop bc ; usb_storage_device_id +
 168+ 519D 78               ld a, b
 169+ 519E C1               pop bc ;  was ix passed to DO_SCSI_CMD = read/write buffer
 170+ 519F 01 0D 00         ld bc,_SCSI_COMMAND_STATUS_WRAPPER
 171+ 51A2 DD E5 FD E5      push ix,iy ; ++
 172+ 51A6 CD D2 48         call HW_DATA_IN_TRANSFER
 173+ 51A9 FD E1 DD E1      pop iy,ix ;
 174+ 51AD 3E 00            ld a, 0
 175+ 51AF 1F               rra ; move Cy to bit 7
 176+ 51B0 FD 77 10         ld (iy+WRKAREA.STORAGE_DEVICE_INFO.DATA_BULK_IN_ENDPOINT_TOGGLE),a
 177+ 51B3
 178+ 51B3 DD 7E 0C         ld a, (ix+_SCSI_COMMAND_STATUS_WRAPPER.CBWSTATUS)
 179+ 51B6 A7               and a
 180+ 51B7 20 02            jr nz, DO_SCSCI_CMD_CBW_ERROR ; set Cy when CBWSTATUS!=0
 181+ 51B9 B7               or a ; clear Cy
 182+ 51BA C9           	ret
 183+ 51BB
 184+ 51BB              DO_SCSCI_CMD_CBW_ERROR:
 185+ 51BB CD 45 53         call PRINT_ERROR_CODE_VDP
 186+ 51BE 37               scf
 187+ 51BF C9               ret
 188+ 51C0
 189+ 51C0              ; --------------------------------------
 190+ 51C0              ; SCSI_INQUIRY
 191+ 51C0              ;
 192+ 51C0              ; Input: IX points to SLTWRK
 193+ 51C0              ; Output: Cy=0 no error, Cy=1 error
 194+ 51C0              SCSI_INQUIRY:
 195+ 51C0 DD E5            push ix ; ix points to SLTWRK
 196+ 51C2
 197+ 51C2 DD 7E 0A         ld a, (ix+WRKAREA.STORAGE_DEVICE_INFO.DEVICE_ADDRESS)
 198+ 51C5 01 1F 00         ld bc, WRKAREA.SCSI_DEVICE_INFO.BUFFER
 199+ 51C8 DD 09            add ix, bc
 200+ 51CA DD E5 FD E1      ld iy, ix
 201+ 51CE
 202+ 51CE 06 00            ld b, 0
 203+ 51D0 0E 0C            ld c, _SCSI_PACKET_INQUIRY
 204+ 51D2 11 24 00         ld de, 0x24
 205+ 51D5 21 AB 53         ld hl, SCSI_PACKET_INQUIRY
 206+ 51D8 FD E5            push iy
 207+ 51DA CD B3 50         call DO_SCSI_CMD
 208+ 51DD FD E1            pop iy
 209+ 51DF DD E1            pop ix
 210+ 51E1 D8               ret c
 211+ 51E2
 212+ 51E2 DD E5            push ix
 213+ 51E4 FD E5 E1         ld hl, iy
 214+ 51E7 01 08 00         ld bc, 8
 215+ 51EA 09               add hl,bc
 216+ 51EB 01 50 00         ld bc, WRKAREA.SCSI_DEVICE_INFO.VENDORID
 217+ 51EE CD 84 42     	call WRKAREAPTR
 218+ 51F1 DD 54 DD 5D      ld de, ix
 219+ 51F5 01 08 00         ld bc, 8
 220+ 51F8 ED B0            ldir
 221+ 51FA
 222+ 51FA FD E5 E1         ld hl, iy
 223+ 51FD 01 10 00         ld bc, 16
 224+ 5200 09               add hl,bc
 225+ 5201 01 59 00         ld bc, WRKAREA.SCSI_DEVICE_INFO.PRODUCTID
 226+ 5204 CD 84 42     	call WRKAREAPTR
 227+ 5207 DD 54 DD 5D      ld de, ix
 228+ 520B 01 10 00         ld bc, 16
 229+ 520E ED B0            ldir
 230+ 5210
 231+ 5210 FD E5 E1         ld hl, iy
 232+ 5213 01 20 00         ld bc, 32
 233+ 5216 09               add hl,bc
 234+ 5217 01 6A 00         ld bc, WRKAREA.SCSI_DEVICE_INFO.PRODUCTREV
 235+ 521A CD 84 42     	call WRKAREAPTR
 236+ 521D DD 54 DD 5D      ld de, ix
 237+ 5221 01 04 00         ld bc, 4
 238+ 5224 ED B0            ldir
 239+ 5226 DD E1            pop ix
 240+ 5228
 241+ 5228 B7               or a ; reset Cy
 242+ 5229 C9               ret
 243+ 522A
 244+ 522A              ; --------------------------------------
 245+ 522A              ; SCSI_TEST
 246+ 522A              ;
 247+ 522A              ; Input: IX points to SLTWRK
 248+ 522A              ; Output: Cy=0 no error, Cy=1 error
 249+ 522A              SCSI_TEST:
 250+ 522A DD E5            push ix
 251+ 522C DD 7E 0A         ld a,(ix+WRKAREA.STORAGE_DEVICE_INFO.DEVICE_ADDRESS)
 252+ 522F 01 1F 00         ld bc, WRKAREA.SCSI_DEVICE_INFO.BUFFER
 253+ 5232 DD 09            add ix,bc
 254+ 5234 06 00            ld b, 0
 255+ 5236 0E 0C            ld c, _SCSI_PACKET_TEST
 256+ 5238 11 00 00         ld de, 0 ; no result data, only status in CBWSTATUS
 257+ 523B 21 B7 53         ld hl, SCSI_PACKET_TEST
 258+ 523E
 259+ 523E CD B3 50         call DO_SCSI_CMD
 260+ 5241 DD E1            pop ix
 261+ 5243 D8               ret c
 262+ 5244
 263+ 5244 B7               or a ; reset Cy
 264+ 5245 C9               ret
 265+ 5246
 266+ 5246              ; --------------------------------------
 267+ 5246              ; SCSI_REQUEST_SENSE
 268+ 5246              ;
 269+ 5246              ; Input: IX points to SLTWRK
 270+ 5246              ; Output: Cy=0 no error, Cy=1 error
 271+ 5246              SCSI_REQUEST_SENSE:
 272+ 5246 DD E5            push ix
 273+ 5248 DD 7E 0A         ld a,(ix+WRKAREA.STORAGE_DEVICE_INFO.DEVICE_ADDRESS)
 274+ 524B 01 1F 00         ld bc, WRKAREA.SCSI_DEVICE_INFO.BUFFER
 275+ 524E DD 09            add ix,bc
 276+ 5250 06 00            ld b, 0
 277+ 5252 0E 0C            ld c, _SCSI_PACKET_REQUEST_SENSE
 278+ 5254 11 12 00         ld de, 18
 279+ 5257 21 D2 53         ld hl, SCSI_PACKET_REQUEST_SENSE
 280+ 525A
 281+ 525A CD B3 50         call DO_SCSI_CMD
 282+ 525D DD E1            pop ix
 283+ 525F D8               ret c
 284+ 5260
 285+ 5260 B7               or a ; reset Cy
 286+ 5261 C9               ret
 287+ 5262
 288+ 5262              ; --------------------------------------
 289+ 5262              ; SCSI_READ
 290+ 5262              ;
 291+ 5262              ; Input: B  nr sectors
 292+ 5262              ;        HL points to buffer to receive bytes
 293+ 5262              ;        DE address of 4 byte sector number
 294+ 5262              ; Output: Cy=0 no error, Cy=1 error
 295+ 5262              SCSI_READ:
 296+ 5262 E5 D5 C5         push hl, de, bc
 297+ 5265                  ; copy SCSI_PACKET_READ to receive buffer
 298+ 5265 54 5D            ld de, hl
 299+ 5267 21 DE 53         ld hl, SCSI_PACKET_READ
 300+ 526A 01 0C 00         ld bc, _SCSI_PACKET_READ
 301+ 526D ED B0            ldir
 302+ 526F C1 D1 E1         pop bc, de, hl
 303+ 5272                  ; reverse sector number to high-endian
 304+ 5272 E5               push hl
 305+ 5273 E5 DD E1         ld ix, hl
 306+ 5276 DD 70 08         ld (ix+_SCSI_PACKET_READ.TRANSFER_LEN+1),b ; high-endian
 307+ 5279 1A               ld a, (de)
 308+ 527A DD 77 05         ld (ix+_SCSI_PACKET_READ.LBA+3),a
 309+ 527D 13               inc de
 310+ 527E 1A               ld a, (de)
 311+ 527F DD 77 04         ld (ix+_SCSI_PACKET_READ.LBA+2),a
 312+ 5282 13               inc de
 313+ 5283 1A               ld a, (de)
 314+ 5284 DD 77 03         ld (ix+_SCSI_PACKET_READ.LBA+1),a
 315+ 5287 13               inc de
 316+ 5288 1A               ld a, (de)
 317+ 5289 DD 77 02         ld (ix+_SCSI_PACKET_READ.LBA),a
 318+ 528C                  ; do read
 319+ 528C CD 6B 42         call MY_GWORK
 320+ 528F DD 7E 0A         ld a,(ix+WRKAREA.STORAGE_DEVICE_INFO.DEVICE_ADDRESS)
 321+ 5292 11 00 02         ld de, 512
 322+ 5295 21 00 00         ld hl, 0
 323+ 5298              _TOTAL_BYTES_RD
 324+ 5298 19               add hl, de
 325+ 5299 10 FD            djnz _TOTAL_BYTES_RD
 326+ 529B 54 5D            ld de, hl
 327+ 529D 06 00            ld b, 0
 328+ 529F 0E 0C            ld c, _SCSI_PACKET_READ
 329+ 52A1 E1               pop hl
 330+ 52A2 E5 DD E1         ld ix, hl ; receive buffer is also holding modified scsi read command
 331+ 52A5 B7               or a ; clear Cy = read bytes from scsi
 332+ 52A6 CD B3 50         call DO_SCSI_CMD
 333+ 52A9 C9               ret
 334+ 52AA
 335+ 52AA              ; --------------------------------------
 336+ 52AA              ; SCSI_WRITE
 337+ 52AA              ;
 338+ 52AA              ; Input: B  nr sectors
 339+ 52AA              ;        HL points to buffer to send bytes
 340+ 52AA              ;        DE address of 4 byte sector number
 341+ 52AA              ; Output: Cy=0 no error, Cy=1 error
 342+ 52AA              SCSI_WRITE:
 343+ 52AA E5 D5 C5         push hl, de, bc ; +++
 344+ 52AD                  ; copy SCSI_PACKET_WRITE to receive buffer
 345+ 52AD 01 2E 00         ld bc, WRKAREA.SCSI_DEVICE_INFO.BUFFER+_SCSI_COMMAND_BLOCK_WRAPPER
 346+ 52B0 CD 84 42         call WRKAREAPTR
 347+ 52B3 DD 54 DD 5D      ld de, ix
 348+ 52B7 21 EA 53         ld hl, SCSI_PACKET_WRITE
 349+ 52BA 01 0C 00         ld bc, _SCSI_PACKET_WRITE
 350+ 52BD ED B0            ldir
 351+ 52BF C1 D1 E1         pop bc, de, hl ;
 352+ 52C2                  ; reverse sector number to high-endian
 353+ 52C2 DD E5            push ix ; CMD buffer +
 354+ 52C4 E5               push hl ; sector buffer ++
 355+ 52C5                  ;ld ix, hl
 356+ 52C5 DD 70 08         ld (ix+_SCSI_PACKET_WRITE.TRANSFER_LEN+1),b ; high-endian
 357+ 52C8 1A               ld a, (de)
 358+ 52C9 DD 77 05         ld (ix+_SCSI_PACKET_WRITE.LBA+3),a
 359+ 52CC 13               inc de
 360+ 52CD 1A               ld a, (de)
 361+ 52CE DD 77 04         ld (ix+_SCSI_PACKET_WRITE.LBA+2),a
 362+ 52D1 13               inc de
 363+ 52D2 1A               ld a, (de)
 364+ 52D3 DD 77 03         ld (ix+_SCSI_PACKET_WRITE.LBA+1),a
 365+ 52D6 13               inc de
 366+ 52D7 1A               ld a, (de)
 367+ 52D8 DD 77 02         ld (ix+_SCSI_PACKET_WRITE.LBA),a
 368+ 52DB                  ; do read
 369+ 52DB CD 6B 42         call MY_GWORK
 370+ 52DE DD 7E 0A         ld a,(ix+WRKAREA.STORAGE_DEVICE_INFO.DEVICE_ADDRESS)
 371+ 52E1 11 00 02         ld de, 512
 372+ 52E4 21 00 00         ld hl, 0
 373+ 52E7              _TOTAL_BYTES_WR
 374+ 52E7 19               add hl, de
 375+ 52E8 10 FD            djnz _TOTAL_BYTES_WR
 376+ 52EA 54 5D            ld de, hl
 377+ 52EC 06 00            ld b, 0
 378+ 52EE 0E 0C            ld c, _SCSI_PACKET_WRITE
 379+ 52F0 DD E1            pop ix ; sector buffer +
 380+ 52F2 E1               pop hl ; CMD buffer
 381+ 52F3 37               scf ; set Cy = write bytes to scsi
 382+ 52F4 CD B3 50         call DO_SCSI_CMD
 383+ 52F7 C9               ret
 384+ 52F8
 385+ 52F8              ; --------------------------------------
 386+ 52F8              ; SCSI_MAX_LUNS
 387+ 52F8              ;
 388+ 52F8              ; Input:  Input: IX=pointer to WRKAREA
 389+ 52F8              ; Output: Cy=0 no error, Cy=1 error
 390+ 52F8              SCSI_MAX_LUNS:
 391+ 52F8 FD E5 DD E5      push iy,ix,hl,de,bc
 391+ 52FC E5 D5 C5
 392+ 52FF
 393+ 52FF DD E5            push ix
 394+ 5301 01 1E 00         ld bc, WRKAREA.SCSI_DEVICE_INFO.MAX_LUNS
 395+ 5304 CD 84 42     	call WRKAREAPTR
 396+ 5307 DD E5 FD E1  	ld iy, ix
 397+ 530B DD E1            pop ix
 398+ 530D DD 56 0A     	ld d,(ix+WRKAREA.STORAGE_DEVICE_INFO.DEVICE_ADDRESS)
 399+ 5310 DD 46 0D     	ld b,(ix+WRKAREA.STORAGE_DEVICE_INFO.MAX_PACKET_SIZE)
 400+ 5313 DD 7E 0B     	ld a,(ix+WRKAREA.STORAGE_DEVICE_INFO.INTERFACE_ID)
 401+ 5316
 402+ 5316                  ; get SLTWRK in HL for this ROM page
 403+ 5316 C5               push bc
 404+ 5317 01 78 00         ld bc, CMD_GET_MAX_LUNS-CMD_GET_DEVICE_DESCRIPTOR ; Address of the command: {0b10100001,0b11111110,0,0,interface,0,1,0};
 405+ 531A CD 57 4C         call GET_CONTROL_PACKET
 406+ 531D C1               pop bc
 407+ 531E
 408+ 531E E5 DD E1         ld ix, hl
 409+ 5321 DD 77 04         ld (ix+4), a
 410+ 5324 7A               ld a, d ; device address
 411+ 5325 FD 54 FD 5D      ld de, iy ; Address of the input or output data buffer
 412+ 5329 CD 72 49         call HW_CONTROL_TRANSFER
 413+ 532C C1 D1 E1 DD      pop bc,de,hl,ix,iy
 413+ 5330 E1 FD E1
 414+ 5333 FE 14            cp CH_USB_INT_SUCCESS
 415+ 5335 C8               ret z ; no error
 416+ 5336 37               scf ; error
 417+ 5337 C9               ret
 418+ 5338
 419+ 5338              ; --------------------------------------
 420+ 5338              ; SCSI_INIT
 421+ 5338              ;
 422+ 5338              ; Input: IX=pointer to WRKAREA
 423+ 5338              ;
 424+ 5338              SCSI_INIT:
 425+ 5338 3E 01            ld a, 1
 426+ 533A DD 77 1D     	ld (ix+WRKAREA.SCSI_DEVICE_INFO.TAG),a
 427+ 533D AF           	xor a
 428+ 533E DD 77 11     	ld (ix+WRKAREA.STORAGE_DEVICE_INFO.DATA_BULK_OUT_ENDPOINT_TOGGLE),a
 429+ 5341 DD 77 10     	ld (ix+WRKAREA.STORAGE_DEVICE_INFO.DATA_BULK_IN_ENDPOINT_TOGGLE),a
 430+ 5344 C9               ret
 431+ 5345
 432+ 5345              PRINT_ERROR_CODE_VDP:
 433+ 5345 F5               push af
 434+ 5346 CD 56 53         call PRINT_INIT_SCREEN0
 435+ 5349 3E 45            ld a, 'E'
 436+ 534B CD 53 53         call PRINT_CHAR_VDP
 437+ 534E F1               pop af
 438+ 534F CD 82 53         call PRINT_HEX_VDP
 439+ 5352 C9               ret
 440+ 5353
 441+ 5353              PRINT_CHAR_VDP:
 442+ 5353                  ; print to VDP (auto increments)
 443+ 5353 D3 98            out (#98),a
 444+ 5355 C9               ret
 445+ 5356
 446+ 5356              PRINT_INIT_SCREEN0:
 447+ 5356                  ; set pointer to 77,0 for screen 0
 448+ 5356 AF               xor a
 449+ 5357 21 4D 00         ld hl,77
 450+ 535A CD 66 53         call SetVdp_Write
 451+ 535D C9               ret
 452+ 535E              PRINT_INIT_SCREEN1:
 453+ 535E                  ; set pointer to 0,0 for screen 1
 454+ 535E AF               xor a
 455+ 535F 21 00 18         ld hl,#1800
 456+ 5362 CD 66 53         call SetVdp_Write
 457+ 5365 C9               ret
 458+ 5366              ;
 459+ 5366              ; Set VDP address counter to write from address AHL (17-bit)
 460+ 5366              ; Enables the interrupts
 461+ 5366              ;
 462+ 5366              SetVdp_Write:
 463+ 5366 CB 04            rlc h
 464+ 5368 17               rla
 465+ 5369 CB 04            rlc h
 466+ 536B 17               rla
 467+ 536C CB 3C            srl h
 468+ 536E CB 3C            srl h
 469+ 5370 F3               di
 470+ 5371 D3 99            out (#99),a
 471+ 5373 3E 8E            ld a,14 + 128
 472+ 5375 D3 99            out (#99),a
 473+ 5377 7D               ld a,l
 474+ 5378 00               nop
 475+ 5379 D3 99            out (#99),a
 476+ 537B 7C               ld a,h
 477+ 537C F6 40            or 64
 478+ 537E FB               ei
 479+ 537F D3 99            out (#99),a
 480+ 5381 C9               ret
 481+ 5382
 482+ 5382
 483+ 5382              ;       Subroutine      Print 8-bit hexidecimal number
 484+ 5382              ;       Inputs          A - number to be printed - 0ABh
 485+ 5382              ;       Outputs         ________________________
 486+ 5382              PRINT_HEX_VDP:
 487+ 5382 F5               push af
 488+ 5383 C5               push bc
 489+ 5384 D5               push de
 490+ 5385 CD 94 53         call .NUMTOHEX
 491+ 5388 7A               ld a, d
 492+ 5389 CD 53 53         call PRINT_CHAR_VDP
 493+ 538C 7B               ld a, e
 494+ 538D CD 53 53         call PRINT_CHAR_VDP
 495+ 5390 D1               pop de
 496+ 5391 C1               pop bc
 497+ 5392 F1               pop af
 498+ 5393 C9               ret
 499+ 5394              ;       Subroutine      Convert 8-bit hexidecimal number to ASCII reprentation
 500+ 5394              ;       Inputs          A - number to be printed - 0ABh
 501+ 5394              ;       Outputs         DE - two byte ASCII values - D=65 / 'A' and E=66 / 'B'
 502+ 5394              .NUMTOHEX:
 503+ 5394 4F               ld c, a   ; a = number to convert
 504+ 5395 CD 9F 53         call .NTH1
 505+ 5398 57               ld d, a
 506+ 5399 79               ld a, c
 507+ 539A CD A3 53         call .NTH2
 508+ 539D 5F               ld e, a
 509+ 539E C9               ret  ; return with hex number in de
 510+ 539F              .NTH1:
 511+ 539F 1F               rra
 512+ 53A0 1F               rra
 513+ 53A1 1F               rra
 514+ 53A2 1F               rra
 515+ 53A3              .NTH2:
 516+ 53A3 F6 F0            or 0F0h
 517+ 53A5 27               daa
 518+ 53A6 C6 A0            add a, 0A0h
 519+ 53A8 CE 40            adc a, 040h ; Ascii hex at this point (0 to F)
 520+ 53AA C9               ret
 521+ 53AB
 522+ 53AB
 523+ 53AB 12 00 00 00  SCSI_PACKET_INQUIRY         _SCSI_PACKET_INQUIRY
 523+ 53AF 24 00 00 00
 523+ 53B3 00 00 00 00
 524+ 53B7 00 00 00 00  SCSI_PACKET_TEST            _SCSI_PACKET_TEST
 524+ 53BB 00 00 00 00
 524+ 53BF 00 00 00 00
 525+ 53C3 55 53 42 43  SCSI_COMMAND_BLOCK_WRAPPER  _SCSI_COMMAND_BLOCK_WRAPPER
 525+ 53C7 00 00 00 00
 525+ 53CB 00 00 00 00
 525+ 53CF 00 00 00
 526+ 53D2 03 00 00 00  SCSI_PACKET_REQUEST_SENSE   _SCSI_PACKET_REQUEST_SENSE
 526+ 53D6 12 00 00 00
 526+ 53DA 00 00 00 00
 527+ 53DE 28 00 00 00  SCSI_PACKET_READ            _SCSI_PACKET_READ
 527+ 53E2 00 00 00 00
 527+ 53E6 00 00 00 00
 528+ 53EA 2A 00 00 00  SCSI_PACKET_WRITE           _SCSI_PACKET_WRITE
 528+ 53EE 00 00 00 00
 528+ 53F2 00 00 00 00
# file closed: scsi.asm
 958  53F6
 959  53F6              DRV_END:
 960  53F6
 961  53F6 00 00 00...  	ds	3ED0h-(DRV_END-DRV_START)
 962  7FD0
 963  7FD0              	end
# file closed: driver_low.asm
